isa,kind,op,median_cyc_per_insn,q1_cyc_per_insn,q3_cyc_per_insn,iqr_cyc_per_insn,median_cyc_per_coeff,q1_cyc_per_coeff,q3_cyc_per_coeff,iqr_cyc_per_coeff,cpu_hz,timer,hz_source,independent_runs
neon,lat,add,2.00140381,1.99858093,2.00140381,0.002822879999999861,0.25017548,0.24982262,0.25017548,0.0003528600000000104,4510000000.0,CLOCK_UPTIME_RAW,advertised-pcore-max:Apple-M4-Pro/Max,30
neon,lat,ld1,0.38420105,0.38420105,0.38420105,0.0,0.04802513,0.04802513,0.04802513,0.0,4510000000.0,CLOCK_UPTIME_RAW,advertised-pcore-max:Apple-M4-Pro/Max,30
neon,lat,ld2,1.0035553,1.00073242,1.0085563625,0.007823942499999958,0.06272221,0.06254578,0.0630347725,0.0004889925000000073,4510000000.0,CLOCK_UPTIME_RAW,advertised-pcore-max:Apple-M4-Pro/Max,30
neon,lat,mls,2.99925232,2.99925232,2.99931335,6.102999999990644e-05,0.37490654,0.37490654,0.37491417,7.629999999980708e-06,4510000000.0,CLOCK_UPTIME_RAW,advertised-pcore-max:Apple-M4-Pro/Max,30
neon,lat,mul,2.99925232,2.99925232,2.99925232,0.0,0.37490654,0.37490654,0.37490654,0.0,4510000000.0,CLOCK_UPTIME_RAW,advertised-pcore-max:Apple-M4-Pro/Max,30
neon,lat,smlsl,2.99925232,2.99925232,2.99931335,6.102999999990644e-05,0.74981308,0.74981308,0.74982834,1.5259999999961416e-05,4510000000.0,CLOCK_UPTIME_RAW,advertised-pcore-max:Apple-M4-Pro/Max,30
neon,lat,smull,2.99925232,2.99925232,2.99931335,6.102999999990644e-05,0.74981308,0.74981308,0.74982834,1.5259999999961416e-05,4510000000.0,CLOCK_UPTIME_RAW,advertised-pcore-max:Apple-M4-Pro/Max,30
neon,lat,sqrdmulh,2.99925232,2.99925232,2.99931335,6.102999999990644e-05,0.37490654,0.37490654,0.37491417,7.629999999980708e-06,4510000000.0,CLOCK_UPTIME_RAW,advertised-pcore-max:Apple-M4-Pro/Max,30
neon,lat,st1,0.57344055,0.57344055,0.57351685,7.62999999999181e-05,0.07168007,0.07168007,0.07168961,9.540000000002324e-06,4510000000.0,CLOCK_UPTIME_RAW,advertised-pcore-max:Apple-M4-Pro/Max,30
neon,lat,sub,1.99858093,1.99858093,2.00140381,0.002822879999999861,0.24982262,0.24982262,0.25017548,0.0003528600000000104,4510000000.0,CLOCK_UPTIME_RAW,advertised-pcore-max:Apple-M4-Pro/Max,30
neon,lat,trn,1.9999923699999997,1.99858093,2.00140381,0.002822879999999861,0.24999905,0.24982262,0.25017548,0.0003528600000000104,4510000000.0,CLOCK_UPTIME_RAW,advertised-pcore-max:Apple-M4-Pro/Max,30
neon,lat,uzp,1.99858093,1.99858093,2.00140381,0.002822879999999861,0.24982262,0.24982262,0.25017548,0.0003528600000000104,4510000000.0,CLOCK_UPTIME_RAW,advertised-pcore-max:Apple-M4-Pro/Max,30
neon,lat,zip,1.99858093,1.99858093,2.00140381,0.002822879999999861,0.24982262,0.24982262,0.25017548,0.0003528600000000104,4510000000.0,CLOCK_UPTIME_RAW,advertised-pcore-max:Apple-M4-Pro/Max,30
neon,tp,add,0.24945068,0.24945068,0.24945068,0.0,0.03118134,0.03118134,0.03118134,0.0,4510000000.0,CLOCK_UPTIME_RAW,advertised-pcore-max:Apple-M4-Pro/Max,30
neon,tp,ld1,0.33265686,0.33265686,0.33547974,0.0028228800000000276,0.04158211,0.04158211,0.04193497,0.00035286000000000345,4510000000.0,CLOCK_UPTIME_RAW,advertised-pcore-max:Apple-M4-Pro/Max,30
neon,tp,ld2,1.00073242,1.00073242,1.00073242,0.0,0.06254578,0.06254578,0.06254578,0.0,4510000000.0,CLOCK_UPTIME_RAW,advertised-pcore-max:Apple-M4-Pro/Max,30
neon,tp,mls,0.4329834,0.4329834,0.4329834,0.0,0.05412292,0.05412292,0.05412292,0.0,4510000000.0,CLOCK_UPTIME_RAW,advertised-pcore-max:Apple-M4-Pro/Max,30
neon,tp,mul,0.24945068,0.24945068,0.24945068,0.0,0.03118134,0.03118134,0.03118134,0.0,4510000000.0,CLOCK_UPTIME_RAW,advertised-pcore-max:Apple-M4-Pro/Max,30
neon,tp,smlsl,0.4329834,0.4329834,0.4329834,0.0,0.10824585,0.10824585,0.10824585,0.0,4510000000.0,CLOCK_UPTIME_RAW,advertised-pcore-max:Apple-M4-Pro/Max,30
neon,tp,smull,0.24945068,0.24945068,0.24945068,0.0,0.06236267,0.06236267,0.06236267,0.0,4510000000.0,CLOCK_UPTIME_RAW,advertised-pcore-max:Apple-M4-Pro/Max,30
neon,tp,sqrdmulh,0.24945068,0.24945068,0.24945068,0.0,0.03118134,0.03118134,0.03118134,0.0,4510000000.0,CLOCK_UPTIME_RAW,advertised-pcore-max:Apple-M4-Pro/Max,30
neon,tp,st1,0.49891663,0.49891663,0.5017395,0.0028228699999999773,0.06236458,0.06236458,0.06271744,0.0003528599999999965,4510000000.0,CLOCK_UPTIME_RAW,advertised-pcore-max:Apple-M4-Pro/Max,30
neon,tp,sub,0.24945068,0.24945068,0.24945068,0.0,0.03118134,0.03118134,0.03118134,0.0,4510000000.0,CLOCK_UPTIME_RAW,advertised-pcore-max:Apple-M4-Pro/Max,30
neon,tp,trn,0.24945068,0.24945068,0.24945068,0.0,0.03118134,0.03118134,0.03118134,0.0,4510000000.0,CLOCK_UPTIME_RAW,advertised-pcore-max:Apple-M4-Pro/Max,30
neon,tp,uzp,0.24945068,0.24945068,0.24945068,0.0,0.03118134,0.03118134,0.03118134,0.0,4510000000.0,CLOCK_UPTIME_RAW,advertised-pcore-max:Apple-M4-Pro/Max,30
neon,tp,zip,0.24945068,0.24945068,0.24945068,0.0,0.03118134,0.03118134,0.03118134,0.0,4510000000.0,CLOCK_UPTIME_RAW,advertised-pcore-max:Apple-M4-Pro/Max,30
sve,lat,add,3.42082214,3.42076111,3.42364502,0.0028839099999999895,0.10690069,0.10689878,0.10698891,9.01300000000077e-05,4510000000.0,CLOCK_UPTIME_RAW,advertised-pcore-max:Apple-M4-Pro/Max,30
sve,lat,ld1,2.64656067,2.64656067,2.64875412,0.002193450000000041,0.08270502,0.08270502,0.08277356749999999,6.854749999998799e-05,4510000000.0,CLOCK_UPTIME_RAW,advertised-pcore-max:Apple-M4-Pro/Max,30
sve,lat,ld2,4.94622803,4.9433479325,4.94622803,0.0028800975000002893,0.07728481,0.07723980999999999,0.07728481,4.500000000000337e-05,4510000000.0,CLOCK_UPTIME_RAW,advertised-pcore-max:Apple-M4-Pro/Max,30
sve,lat,mls,9.14407349,9.14195633,9.14407349,0.0021171600000009505,0.2857523,0.285686135,0.2857523,6.616500000000691e-05,4510000000.0,CLOCK_UPTIME_RAW,advertised-pcore-max:Apple-M4-Pro/Max,30
sve,lat,mova_h,2.63803101,2.63803101,2.63803101,0.0,0.08243847,0.08243847,0.08243847,0.0,4510000000.0,CLOCK_UPTIME_RAW,advertised-pcore-max:Apple-M4-Pro/Max,30
sve,lat,mova_v,18.3118324275,18.31106567,18.4737968425,0.16273117249999913,0.5722447625,0.5722208,0.577306155,0.005085355000000069,4510000000.0,CLOCK_UPTIME_RAW,advertised-pcore-max:Apple-M4-Pro/Max,30
sve,lat,mul,9.14125061,9.14117432,9.143367770000001,0.0021934500000018176,0.28566408,0.2856617,0.285730245,6.854499999997543e-05,4510000000.0,CLOCK_UPTIME_RAW,advertised-pcore-max:Apple-M4-Pro/Max,30
sve,lat,smlsl,9.14407349,9.14407349,9.14407349,0.0,0.57150459,0.57150459,0.57150459,0.0,4510000000.0,CLOCK_UPTIME_RAW,advertised-pcore-max:Apple-M4-Pro/Max,30
sve,lat,smull,9.14125061,9.14125061,9.14407349,0.002822880000000083,0.57132816,0.57132816,0.57150459,0.0001764300000000052,4510000000.0,CLOCK_UPTIME_RAW,advertised-pcore-max:Apple-M4-Pro/Max,30
sve,lat,sqrdmulh,9.14125061,9.14125061,9.14407349,0.002822880000000083,0.28566408,0.28566408,0.2857523,8.822000000002772e-05,4510000000.0,CLOCK_UPTIME_RAW,advertised-pcore-max:Apple-M4-Pro/Max,30
sve,lat,st1,8.1892395,8.1842231775,32.85589981125,24.671676633749996,0.25591373,0.255756975,1.0267468687499999,0.7709898937499999,4510000000.0,CLOCK_UPTIME_RAW,advertised-pcore-max:Apple-M4-Pro/Max,30
sve,lat,sub,3.4207916249999997,3.42076111,3.42082214,6.102999999990644e-05,0.106899735,0.10689878,0.10690069,1.910000000007739e-06,4510000000.0,CLOCK_UPTIME_RAW,advertised-pcore-max:Apple-M4-Pro/Max,30
sve,lat,trn,3.42076111,3.42076111,3.42082214,6.102999999990644e-05,0.10689878,0.10689878,0.10690069,1.910000000007739e-06,4510000000.0,CLOCK_UPTIME_RAW,advertised-pcore-max:Apple-M4-Pro/Max,30
sve,lat,uzp,3.42076111,3.42076111,3.42082214,6.102999999990644e-05,0.10689878,0.10689878,0.10690069,1.910000000007739e-06,4510000000.0,CLOCK_UPTIME_RAW,advertised-pcore-max:Apple-M4-Pro/Max,30
sve,lat,zip,3.42076111,3.42076111,3.42082214,6.102999999990644e-05,0.10689878,0.10689878,0.10690069,1.910000000007739e-06,4510000000.0,CLOCK_UPTIME_RAW,advertised-pcore-max:Apple-M4-Pro/Max,30
sve,tp,add,1.42216492,1.42216492,1.42216492,0.0,0.04444265,0.04444265,0.04444265,0.0,4510000000.0,CLOCK_UPTIME_RAW,advertised-pcore-max:Apple-M4-Pro/Max,30
sve,tp,ld1,2.64656067,2.64656067,2.6466178874999997,5.721749999976211e-05,0.08270502,0.08270502,0.0827068125,1.7925000000001967e-06,4510000000.0,CLOCK_UPTIME_RAW,advertised-pcore-max:Apple-M4-Pro/Max,30
sve,tp,ld2,4.94340515,4.9433479325,4.9483451825,0.004997249999999731,0.07724071,0.07723980999999999,0.0773178925,7.808250000000683e-05,4510000000.0,CLOCK_UPTIME_RAW,advertised-pcore-max:Apple-M4-Pro/Max,30
sve,tp,mls,4.55912781,4.55912781,4.56195068,0.002822870000000144,0.14247274,0.14247274,0.14256096,8.821999999999997e-05,4510000000.0,CLOCK_UPTIME_RAW,advertised-pcore-max:Apple-M4-Pro/Max,30
sve,tp,mode_switch,51.47509766,51.38476562,51.47509766,0.09033203999999984,0.0,0.0,0.0,0.0,4510000000.0,CLOCK_UPTIME_RAW,advertised-pcore-max:Apple-M4-Pro/Max,30
sve,tp,mova_h,1.42216492,1.42216492,1.42216492,0.0,0.04444265,0.04444265,0.04444265,0.0,4510000000.0,CLOCK_UPTIME_RAW,advertised-pcore-max:Apple-M4-Pro/Max,30
sve,tp,mova_v,4.55912781,4.55912781,4.55912781,0.0,0.14247274,0.14247274,0.14247274,0.0,4510000000.0,CLOCK_UPTIME_RAW,advertised-pcore-max:Apple-M4-Pro/Max,30
sve,tp,mul,4.56195068,4.56195068,4.56201172,6.104000000028975e-05,0.14256096,0.14256096,0.14256287,1.9100000000216166e-06,4510000000.0,CLOCK_UPTIME_RAW,advertised-pcore-max:Apple-M4-Pro/Max,30
sve,tp,smlsl,4.55912781,4.55912781,4.56195068,0.002822870000000144,0.28494549,0.28494549,0.28512192,0.00017642999999994968,4510000000.0,CLOCK_UPTIME_RAW,advertised-pcore-max:Apple-M4-Pro/Max,30
sve,tp,smull,4.55912781,4.55912781,4.56195068,0.002822870000000144,0.28494549,0.28494549,0.28512192,0.00017642999999994968,4510000000.0,CLOCK_UPTIME_RAW,advertised-pcore-max:Apple-M4-Pro/Max,30
sve,tp,sqrdmulh,4.55912781,4.55912781,4.56199646,0.002868649999999917,0.14247274,0.14247274,0.1425623925,8.965250000000924e-05,4510000000.0,CLOCK_UPTIME_RAW,advertised-pcore-max:Apple-M4-Pro/Max,30
sve,tp,st1,29.31037903,8.149814607500002,36.8623237575,28.71250915,0.915949345,0.254681705,1.1519476174999999,0.8972659124999999,4510000000.0,CLOCK_UPTIME_RAW,advertised-pcore-max:Apple-M4-Pro/Max,30
sve,tp,sub,1.42216492,1.42216492,1.42216492,0.0,0.04444265,0.04444265,0.04444265,0.0,4510000000.0,CLOCK_UPTIME_RAW,advertised-pcore-max:Apple-M4-Pro/Max,30
sve,tp,trn,1.42216492,1.4179077175,1.42216492,0.004257202499999835,0.04444265,0.044309615000000004,0.04444265,0.00013303499999999663,4510000000.0,CLOCK_UPTIME_RAW,advertised-pcore-max:Apple-M4-Pro/Max,30
sve,tp,uzp,1.42216492,1.4103641525,1.42216492,0.011800767500000031,0.04444265,0.04407388,0.04444265,0.00036876999999999743,4510000000.0,CLOCK_UPTIME_RAW,advertised-pcore-max:Apple-M4-Pro/Max,30
sve,tp,zip,1.42216492,1.42216492,1.42224121,7.628999999997887e-05,0.04444265,0.04444265,0.04444504,2.3899999999979493e-06,4510000000.0,CLOCK_UPTIME_RAW,advertised-pcore-max:Apple-M4-Pro/Max,30
