block,isa,kind,op,mnemonic,lanes,work_units,median_cyc_per_insn,median_cyc_per_coeff,samples,cpu_hz,timer,hz_source,source
1,neon,lat,add,add,8,65536,2.04447937,0.25555992,1000,4510000000.0,CLOCK_UPTIME_RAW,advertised-pcore-max:Apple-M4-Pro/Max,block-01.csv
1,neon,tp,add,add,8,65536,0.25805664,0.03225708,1000,4510000000.0,CLOCK_UPTIME_RAW,advertised-pcore-max:Apple-M4-Pro/Max,block-01.csv
1,sve,lat,add,add,32,65536,3.554122925,0.11106634,1000,4510000000.0,CLOCK_UPTIME_RAW,advertised-pcore-max:Apple-M4-Pro/Max,block-01.csv
1,sve,tp,add,add,32,65536,1.42506409,0.04453325,1000,4510000000.0,CLOCK_UPTIME_RAW,advertised-pcore-max:Apple-M4-Pro/Max,block-01.csv
1,neon,lat,sub,sub,8,65536,2.29676819,0.28709602,1000,4510000000.0,CLOCK_UPTIME_RAW,advertised-pcore-max:Apple-M4-Pro/Max,block-01.csv
1,neon,tp,sub,sub,8,65536,0.28675842,0.0358448,1000,4510000000.0,CLOCK_UPTIME_RAW,advertised-pcore-max:Apple-M4-Pro/Max,block-01.csv
1,sve,lat,sub,sub,32,65536,3.57276917,0.11164904,1000,4510000000.0,CLOCK_UPTIME_RAW,advertised-pcore-max:Apple-M4-Pro/Max,block-01.csv
1,sve,tp,sub,sub,32,65536,1.42224121,0.04444504,1000,4510000000.0,CLOCK_UPTIME_RAW,advertised-pcore-max:Apple-M4-Pro/Max,block-01.csv
1,neon,lat,mul,mul,8,65536,3.06236267,0.38279533,1000,4510000000.0,CLOCK_UPTIME_RAW,advertised-pcore-max:Apple-M4-Pro/Max,block-01.csv
1,neon,tp,mul,mul,8,65536,0.28097534,0.03512192,1000,4510000000.0,CLOCK_UPTIME_RAW,advertised-pcore-max:Apple-M4-Pro/Max,block-01.csv
1,sve,lat,mul,mul,32,65536,9.31321716,0.29103804,1000,4510000000.0,CLOCK_UPTIME_RAW,advertised-pcore-max:Apple-M4-Pro/Max,block-01.csv
1,sve,tp,mul,mul,32,65536,4.64796448,0.14524889,1000,4510000000.0,CLOCK_UPTIME_RAW,advertised-pcore-max:Apple-M4-Pro/Max,block-01.csv
1,neon,lat,sqrdmulh,sqrdmulh,8,65536,3.2085876449999997,0.40107346,1000,4510000000.0,CLOCK_UPTIME_RAW,advertised-pcore-max:Apple-M4-Pro/Max,block-01.csv
1,neon,tp,sqrdmulh,sqrdmulh,8,65536,0.25234985,0.03154373,1000,4510000000.0,CLOCK_UPTIME_RAW,advertised-pcore-max:Apple-M4-Pro/Max,block-01.csv
1,sve,lat,sqrdmulh,sqrdmulh,32,65536,9.31321716,0.29103804,1000,4510000000.0,CLOCK_UPTIME_RAW,advertised-pcore-max:Apple-M4-Pro/Max,block-01.csv
1,sve,tp,sqrdmulh,sqrdmulh,32,65536,4.65086365,0.14533949,1000,4510000000.0,CLOCK_UPTIME_RAW,advertised-pcore-max:Apple-M4-Pro/Max,block-01.csv
1,neon,lat,mls,mls,8,65536,3.38641357,0.4233017,1000,4510000000.0,CLOCK_UPTIME_RAW,advertised-pcore-max:Apple-M4-Pro/Max,block-01.csv
1,neon,tp,mls,mls,8,65536,0.48460388,0.06057549,1000,4510000000.0,CLOCK_UPTIME_RAW,advertised-pcore-max:Apple-M4-Pro/Max,block-01.csv
1,sve,lat,mls,mls,32,65536,9.31321716,0.29103804,1000,4510000000.0,CLOCK_UPTIME_RAW,advertised-pcore-max:Apple-M4-Pro/Max,block-01.csv
1,sve,tp,mls,mls,32,65536,4.64515686,0.14516115,1000,4510000000.0,CLOCK_UPTIME_RAW,advertised-pcore-max:Apple-M4-Pro/Max,block-01.csv
1,neon,lat,smull,smull,4,65536,3.06517029,0.76629257,1000,4510000000.0,CLOCK_UPTIME_RAW,advertised-pcore-max:Apple-M4-Pro/Max,block-01.csv
1,neon,tp,smull,smull,4,65536,0.25517273,0.06379318,1000,4510000000.0,CLOCK_UPTIME_RAW,advertised-pcore-max:Apple-M4-Pro/Max,block-01.csv
1,sve,lat,smull,smullb,16,65536,9.31329346,0.58208084,1000,4510000000.0,CLOCK_UPTIME_RAW,advertised-pcore-max:Apple-M4-Pro/Max,block-01.csv
1,sve,tp,smull,smullb,16,65536,4.64515686,0.2903223,1000,4510000000.0,CLOCK_UPTIME_RAW,advertised-pcore-max:Apple-M4-Pro/Max,block-01.csv
1,neon,lat,smlsl,smlsl,4,65536,3.07526398,0.76881599,1000,4510000000.0,CLOCK_UPTIME_RAW,advertised-pcore-max:Apple-M4-Pro/Max,block-01.csv
1,neon,tp,smlsl,smlsl,4,65536,0.48742676,0.12185669,1000,4510000000.0,CLOCK_UPTIME_RAW,advertised-pcore-max:Apple-M4-Pro/Max,block-01.csv
1,sve,lat,smlsl,smlslb,16,65536,9.39783478,0.587364675,1000,4510000000.0,CLOCK_UPTIME_RAW,advertised-pcore-max:Apple-M4-Pro/Max,block-01.csv
1,sve,tp,smlsl,smlslb,16,65536,4.64225769,0.29014111,1000,4510000000.0,CLOCK_UPTIME_RAW,advertised-pcore-max:Apple-M4-Pro/Max,block-01.csv
1,neon,lat,zip,zip1,8,65536,2.03869629,0.25483704,1000,4510000000.0,CLOCK_UPTIME_RAW,advertised-pcore-max:Apple-M4-Pro/Max,block-01.csv
1,neon,tp,zip,zip1,8,65536,0.24945068,0.03118134,1000,4510000000.0,CLOCK_UPTIME_RAW,advertised-pcore-max:Apple-M4-Pro/Max,block-01.csv
1,sve,lat,zip,zip1,32,65536,3.4838562,0.10887051,1000,4510000000.0,CLOCK_UPTIME_RAW,advertised-pcore-max:Apple-M4-Pro/Max,block-01.csv
1,sve,tp,zip,zip1,32,65536,1.42224121,0.04444504,1000,4510000000.0,CLOCK_UPTIME_RAW,advertised-pcore-max:Apple-M4-Pro/Max,block-01.csv
1,neon,lat,trn,trn1,8,65536,2.04159546,0.25519943,1000,4510000000.0,CLOCK_UPTIME_RAW,advertised-pcore-max:Apple-M4-Pro/Max,block-01.csv
1,neon,tp,trn,trn1,8,65536,0.25523376,0.03190422,1000,4510000000.0,CLOCK_UPTIME_RAW,advertised-pcore-max:Apple-M4-Pro/Max,block-01.csv
1,sve,lat,trn,trn1,32,65536,3.48097229,0.10878038,1000,4510000000.0,CLOCK_UPTIME_RAW,advertised-pcore-max:Apple-M4-Pro/Max,block-01.csv
1,sve,tp,trn,trn1,32,65536,1.42224121,0.04444504,1000,4510000000.0,CLOCK_UPTIME_RAW,advertised-pcore-max:Apple-M4-Pro/Max,block-01.csv
1,neon,lat,uzp,uzp1,8,65536,2.03869629,0.25483704,1000,4510000000.0,CLOCK_UPTIME_RAW,advertised-pcore-max:Apple-M4-Pro/Max,block-01.csv
1,neon,tp,uzp,uzp1,8,65536,0.25517273,0.03189659,1000,4510000000.0,CLOCK_UPTIME_RAW,advertised-pcore-max:Apple-M4-Pro/Max,block-01.csv
1,sve,lat,uzp,uzp1,32,65536,3.48675537,0.10896111,1000,4510000000.0,CLOCK_UPTIME_RAW,advertised-pcore-max:Apple-M4-Pro/Max,block-01.csv
1,sve,tp,uzp,uzp1,32,65536,1.42224121,0.04444504,1000,4510000000.0,CLOCK_UPTIME_RAW,advertised-pcore-max:Apple-M4-Pro/Max,block-01.csv
1,neon,lat,ld1,ld1,8,65536,0.38420105,0.04802513,1000,4510000000.0,CLOCK_UPTIME_RAW,advertised-pcore-max:Apple-M4-Pro/Max,block-01.csv
1,neon,tp,ld1,ld1,8,65536,0.37559509,0.04694939,1000,4510000000.0,CLOCK_UPTIME_RAW,advertised-pcore-max:Apple-M4-Pro/Max,block-01.csv
1,sve,lat,ld1,ld1h,32,65536,2.65805054,0.08306408,1000,4510000000.0,CLOCK_UPTIME_RAW,advertised-pcore-max:Apple-M4-Pro/Max,block-01.csv
1,sve,tp,ld1,ld1h,32,65536,2.66094971,0.08315468,1000,4510000000.0,CLOCK_UPTIME_RAW,advertised-pcore-max:Apple-M4-Pro/Max,block-01.csv
1,neon,lat,ld2,ld2,16,65536,1.03225708,0.06451607,1000,4510000000.0,CLOCK_UPTIME_RAW,advertised-pcore-max:Apple-M4-Pro/Max,block-01.csv
1,neon,tp,ld2,ld2,16,65536,1.12405396,0.07025337,1000,4510000000.0,CLOCK_UPTIME_RAW,advertised-pcore-max:Apple-M4-Pro/Max,block-01.csv
1,sve,lat,ld2,ld2h,64,65536,5.0035553,0.07818055,1000,4510000000.0,CLOCK_UPTIME_RAW,advertised-pcore-max:Apple-M4-Pro/Max,block-01.csv
1,sve,tp,ld2,ld2h,64,65536,5.00643921,0.07822561,1000,4510000000.0,CLOCK_UPTIME_RAW,advertised-pcore-max:Apple-M4-Pro/Max,block-01.csv
1,neon,lat,st1,st1,8,65536,0.52183533,0.06522942,1000,4510000000.0,CLOCK_UPTIME_RAW,advertised-pcore-max:Apple-M4-Pro/Max,block-01.csv
1,neon,tp,st1,st1,8,65536,0.51322937,0.06415367,1000,4510000000.0,CLOCK_UPTIME_RAW,advertised-pcore-max:Apple-M4-Pro/Max,block-01.csv
1,sve,lat,st1,st1h,32,65536,35.82220459,1.11944389,1000,4510000000.0,CLOCK_UPTIME_RAW,advertised-pcore-max:Apple-M4-Pro/Max,block-01.csv
1,sve,tp,st1,st1h,32,65536,35.796363830000004,1.11863637,1000,4510000000.0,CLOCK_UPTIME_RAW,advertised-pcore-max:Apple-M4-Pro/Max,block-01.csv
1,sve,lat,mova_h,mova h-store,32,65536,2.65226746,0.08288336,1000,4510000000.0,CLOCK_UPTIME_RAW,advertised-pcore-max:Apple-M4-Pro/Max,block-01.csv
1,sve,tp,mova_h,mova h-store,32,65536,1.42506409,0.04453325,1000,4510000000.0,CLOCK_UPTIME_RAW,advertised-pcore-max:Apple-M4-Pro/Max,block-01.csv
1,sve,lat,mova_v,mova v-load,32,65536,18.7784729,0.58682728,1000,4510000000.0,CLOCK_UPTIME_RAW,advertised-pcore-max:Apple-M4-Pro/Max,block-01.csv
1,sve,tp,mova_v,mova v-load,32,65536,4.64515686,0.14516115,1000,4510000000.0,CLOCK_UPTIME_RAW,advertised-pcore-max:Apple-M4-Pro/Max,block-01.csv
1,sve,tp,mode_switch,smstart+smstop,0,2048,51.47509766,0.0,1000,4510000000.0,CLOCK_UPTIME_RAW,advertised-pcore-max:Apple-M4-Pro/Max,block-01.csv
