variant,paramset,operation,median,p25,p75,iqr,stddev,n,notes
kyber_sve,Kyber-768,KeyGen,42656,41718,43973,2255,4300.94,10000,est_cycles;timer=CLOCK_UPTIME_RAW;timer_res_ns=41;cpu_hz=4510000000;hz_source=advertised-pcore-max:Apple-M4-Pro/Max;qos=user_interactive;warmup=100;arith_reps=100
kyber_sve,Kyber-768,Encaps,51865,48856,54120,5264,6723.78,10000,est_cycles;timer=CLOCK_UPTIME_RAW;timer_res_ns=41;cpu_hz=4510000000;hz_source=advertised-pcore-max:Apple-M4-Pro/Max;qos=user_interactive;warmup=100;arith_reps=100
kyber_sve,Kyber-768,Decaps,54684,54494,55058,564,4873.88,10000,est_cycles;timer=CLOCK_UPTIME_RAW;timer_res_ns=41;cpu_hz=4510000000;hz_source=advertised-pcore-max:Apple-M4-Pro/Max;qos=user_interactive;warmup=100;arith_reps=100
kyber_sve,Kyber-768,NTT,1073,1065,1101,36,178.89,10000,est_cycles;timer=CLOCK_UPTIME_RAW;timer_res_ns=41;cpu_hz=4510000000;hz_source=advertised-pcore-max:Apple-M4-Pro/Max;qos=user_interactive;warmup=100;arith_reps=100
kyber_sve,Kyber-768,INVNTT,1133,1127,1197,70,233.35,10000,est_cycles;timer=CLOCK_UPTIME_RAW;timer_res_ns=41;cpu_hz=4510000000;hz_source=advertised-pcore-max:Apple-M4-Pro/Max;qos=user_interactive;warmup=100;arith_reps=100
kyber_sve,Kyber-768,BaseMulAcc,1093,1091,1099,8,137.75,10000,est_cycles;timer=CLOCK_UPTIME_RAW;timer_res_ns=41;cpu_hz=4510000000;hz_source=advertised-pcore-max:Apple-M4-Pro/Max;qos=user_interactive;warmup=100;arith_reps=100
kyber_sve,Kyber-768,MatrixVectorMul,7140,6984,7308,324,351.21,10000,est_cycles;timer=CLOCK_UPTIME_RAW;timer_res_ns=41;cpu_hz=4510000000;hz_source=advertised-pcore-max:Apple-M4-Pro/Max;qos=user_interactive;warmup=100;arith_reps=100
kyber_sve,Kyber-768,InnerProdEnc,1657,1655,1659,4,133.61,10000,est_cycles;timer=CLOCK_UPTIME_RAW;timer_res_ns=41;cpu_hz=4510000000;hz_source=advertised-pcore-max:Apple-M4-Pro/Max;qos=user_interactive;warmup=100;arith_reps=100
kyber_sve,Kyber-768,InnerProdDec,3809,3797,4004,207,239.84,10000,est_cycles;timer=CLOCK_UPTIME_RAW;timer_res_ns=41;cpu_hz=4510000000;hz_source=advertised-pcore-max:Apple-M4-Pro/Max;qos=user_interactive;warmup=100;arith_reps=100
