block,kind,median_elapsed_ns,median_est_cycles,work_units,samples,cpu_hz,timer,hz_source,source
1,empty,0.0,0.0,1,10000,4510000000.0,CLOCK_UPTIME_RAW,advertised-pcore-max:Apple-M4-Pro/Max,block-01.csv
1,scalar_loop,0.906208,4.086998,1000000,10000,4510000000.0,CLOCK_UPTIME_RAW,advertised-pcore-max:Apple-M4-Pro/Max,block-01.csv
1,smstart_smstop,11.67,52.63,100,10000,4510000000.0,CLOCK_UPTIME_RAW,advertised-pcore-max:Apple-M4-Pro/Max,block-01.csv
1,ssve_mul,0.81640625,3.6796875,256,10000,4510000000.0,CLOCK_UPTIME_RAW,advertised-pcore-max:Apple-M4-Pro/Max,block-01.csv
2,empty,0.0,0.0,1,10000,4510000000.0,CLOCK_UPTIME_RAW,advertised-pcore-max:Apple-M4-Pro/Max,block-02.csv
2,scalar_loop,0.89,4.0139,1000000,10000,4510000000.0,CLOCK_UPTIME_RAW,advertised-pcore-max:Apple-M4-Pro/Max,block-02.csv
2,smstart_smstop,11.67,52.63,100,10000,4510000000.0,CLOCK_UPTIME_RAW,advertised-pcore-max:Apple-M4-Pro/Max,block-02.csv
2,ssve_mul,0.81640625,3.6796875,256,10000,4510000000.0,CLOCK_UPTIME_RAW,advertised-pcore-max:Apple-M4-Pro/Max,block-02.csv
3,empty,0.0,0.0,1,10000,4510000000.0,CLOCK_UPTIME_RAW,advertised-pcore-max:Apple-M4-Pro/Max,block-03.csv
3,scalar_loop,0.890083,4.014274,1000000,10000,4510000000.0,CLOCK_UPTIME_RAW,advertised-pcore-max:Apple-M4-Pro/Max,block-03.csv
3,smstart_smstop,11.67,52.63,100,10000,4510000000.0,CLOCK_UPTIME_RAW,advertised-pcore-max:Apple-M4-Pro/Max,block-03.csv
3,ssve_mul,0.9765625,4.40234375,256,10000,4510000000.0,CLOCK_UPTIME_RAW,advertised-pcore-max:Apple-M4-Pro/Max,block-03.csv
4,empty,0.0,0.0,1,10000,4510000000.0,CLOCK_UPTIME_RAW,advertised-pcore-max:Apple-M4-Pro/Max,block-04.csv
4,scalar_loop,0.890041,4.014084,1000000,10000,4510000000.0,CLOCK_UPTIME_RAW,advertised-pcore-max:Apple-M4-Pro/Max,block-04.csv
4,smstart_smstop,11.67,52.63,100,10000,4510000000.0,CLOCK_UPTIME_RAW,advertised-pcore-max:Apple-M4-Pro/Max,block-04.csv
4,ssve_mul,0.81640625,3.6796875,256,10000,4510000000.0,CLOCK_UPTIME_RAW,advertised-pcore-max:Apple-M4-Pro/Max,block-04.csv
5,empty,0.0,0.0,1,10000,4510000000.0,CLOCK_UPTIME_RAW,advertised-pcore-max:Apple-M4-Pro/Max,block-05.csv
5,scalar_loop,0.894333,4.033441,1000000,10000,4510000000.0,CLOCK_UPTIME_RAW,advertised-pcore-max:Apple-M4-Pro/Max,block-05.csv
5,smstart_smstop,11.67,52.63,100,10000,4510000000.0,CLOCK_UPTIME_RAW,advertised-pcore-max:Apple-M4-Pro/Max,block-05.csv
5,ssve_mul,0.81640625,3.6796875,256,10000,4510000000.0,CLOCK_UPTIME_RAW,advertised-pcore-max:Apple-M4-Pro/Max,block-05.csv
6,empty,0.0,0.0,1,10000,4510000000.0,CLOCK_UPTIME_RAW,advertised-pcore-max:Apple-M4-Pro/Max,block-06.csv
6,scalar_loop,0.8895,4.011645,1000000,10000,4510000000.0,CLOCK_UPTIME_RAW,advertised-pcore-max:Apple-M4-Pro/Max,block-06.csv
6,smstart_smstop,11.67,52.63,100,10000,4510000000.0,CLOCK_UPTIME_RAW,advertised-pcore-max:Apple-M4-Pro/Max,block-06.csv
6,ssve_mul,0.81640625,3.6796875,256,10000,4510000000.0,CLOCK_UPTIME_RAW,advertised-pcore-max:Apple-M4-Pro/Max,block-06.csv
7,empty,0.0,0.0,1,10000,4510000000.0,CLOCK_UPTIME_RAW,advertised-pcore-max:Apple-M4-Pro/Max,block-07.csv
7,scalar_loop,0.886625,3.998678,1000000,10000,4510000000.0,CLOCK_UPTIME_RAW,advertised-pcore-max:Apple-M4-Pro/Max,block-07.csv
7,smstart_smstop,11.67,52.63,100,10000,4510000000.0,CLOCK_UPTIME_RAW,advertised-pcore-max:Apple-M4-Pro/Max,block-07.csv
7,ssve_mul,0.9765625,4.40234375,256,10000,4510000000.0,CLOCK_UPTIME_RAW,advertised-pcore-max:Apple-M4-Pro/Max,block-07.csv
8,empty,0.0,0.0,1,10000,4510000000.0,CLOCK_UPTIME_RAW,advertised-pcore-max:Apple-M4-Pro/Max,block-08.csv
8,scalar_loop,0.886666,3.998863,1000000,10000,4510000000.0,CLOCK_UPTIME_RAW,advertised-pcore-max:Apple-M4-Pro/Max,block-08.csv
8,smstart_smstop,11.67,52.63,100,10000,4510000000.0,CLOCK_UPTIME_RAW,advertised-pcore-max:Apple-M4-Pro/Max,block-08.csv
8,ssve_mul,0.9765625,4.40234375,256,10000,4510000000.0,CLOCK_UPTIME_RAW,advertised-pcore-max:Apple-M4-Pro/Max,block-08.csv
9,empty,0.0,0.0,1,10000,4510000000.0,CLOCK_UPTIME_RAW,advertised-pcore-max:Apple-M4-Pro/Max,block-09.csv
9,scalar_loop,0.88675,3.999242,1000000,10000,4510000000.0,CLOCK_UPTIME_RAW,advertised-pcore-max:Apple-M4-Pro/Max,block-09.csv
9,smstart_smstop,11.67,52.63,100,10000,4510000000.0,CLOCK_UPTIME_RAW,advertised-pcore-max:Apple-M4-Pro/Max,block-09.csv
9,ssve_mul,0.81640625,3.6796875,256,10000,4510000000.0,CLOCK_UPTIME_RAW,advertised-pcore-max:Apple-M4-Pro/Max,block-09.csv
10,empty,0.0,0.0,1,10000,4510000000.0,CLOCK_UPTIME_RAW,advertised-pcore-max:Apple-M4-Pro/Max,block-10.csv
10,scalar_loop,0.893209,4.028372,1000000,10000,4510000000.0,CLOCK_UPTIME_RAW,advertised-pcore-max:Apple-M4-Pro/Max,block-10.csv
10,smstart_smstop,11.67,52.63,100,10000,4510000000.0,CLOCK_UPTIME_RAW,advertised-pcore-max:Apple-M4-Pro/Max,block-10.csv
10,ssve_mul,0.81640625,3.6796875,256,10000,4510000000.0,CLOCK_UPTIME_RAW,advertised-pcore-max:Apple-M4-Pro/Max,block-10.csv
11,empty,0.0,0.0,1,10000,4510000000.0,CLOCK_UPTIME_RAW,advertised-pcore-max:Apple-M4-Pro/Max,block-11.csv
11,scalar_loop,0.89,4.0139,1000000,10000,4510000000.0,CLOCK_UPTIME_RAW,advertised-pcore-max:Apple-M4-Pro/Max,block-11.csv
11,smstart_smstop,11.67,52.63,100,10000,4510000000.0,CLOCK_UPTIME_RAW,advertised-pcore-max:Apple-M4-Pro/Max,block-11.csv
11,ssve_mul,0.81640625,3.6796875,256,10000,4510000000.0,CLOCK_UPTIME_RAW,advertised-pcore-max:Apple-M4-Pro/Max,block-11.csv
12,empty,0.0,0.0,1,10000,4510000000.0,CLOCK_UPTIME_RAW,advertised-pcore-max:Apple-M4-Pro/Max,block-12.csv
12,scalar_loop,0.889541,4.011829,1000000,10000,4510000000.0,CLOCK_UPTIME_RAW,advertised-pcore-max:Apple-M4-Pro/Max,block-12.csv
12,smstart_smstop,11.67,52.63,100,10000,4510000000.0,CLOCK_UPTIME_RAW,advertised-pcore-max:Apple-M4-Pro/Max,block-12.csv
12,ssve_mul,0.81640625,3.6796875,256,10000,4510000000.0,CLOCK_UPTIME_RAW,advertised-pcore-max:Apple-M4-Pro/Max,block-12.csv
13,empty,0.0,0.0,1,10000,4510000000.0,CLOCK_UPTIME_RAW,advertised-pcore-max:Apple-M4-Pro/Max,block-13.csv
13,scalar_loop,0.889583,4.012019,1000000,10000,4510000000.0,CLOCK_UPTIME_RAW,advertised-pcore-max:Apple-M4-Pro/Max,block-13.csv
13,smstart_smstop,11.67,52.63,100,10000,4510000000.0,CLOCK_UPTIME_RAW,advertised-pcore-max:Apple-M4-Pro/Max,block-13.csv
13,ssve_mul,0.9765625,4.40234375,256,10000,4510000000.0,CLOCK_UPTIME_RAW,advertised-pcore-max:Apple-M4-Pro/Max,block-13.csv
14,empty,0.0,0.0,1,10000,4510000000.0,CLOCK_UPTIME_RAW,advertised-pcore-max:Apple-M4-Pro/Max,block-14.csv
14,scalar_loop,0.886792,3.999431,1000000,10000,4510000000.0,CLOCK_UPTIME_RAW,advertised-pcore-max:Apple-M4-Pro/Max,block-14.csv
14,smstart_smstop,12.08,54.48,100,10000,4510000000.0,CLOCK_UPTIME_RAW,advertised-pcore-max:Apple-M4-Pro/Max,block-14.csv
14,ssve_mul,0.81640625,3.6796875,256,10000,4510000000.0,CLOCK_UPTIME_RAW,advertised-pcore-max:Apple-M4-Pro/Max,block-14.csv
15,empty,0.0,0.0,1,10000,4510000000.0,CLOCK_UPTIME_RAW,advertised-pcore-max:Apple-M4-Pro/Max,block-15.csv
15,scalar_loop,0.88675,3.999242,1000000,10000,4510000000.0,CLOCK_UPTIME_RAW,advertised-pcore-max:Apple-M4-Pro/Max,block-15.csv
15,smstart_smstop,11.67,52.63,100,10000,4510000000.0,CLOCK_UPTIME_RAW,advertised-pcore-max:Apple-M4-Pro/Max,block-15.csv
15,ssve_mul,0.81640625,3.6796875,256,10000,4510000000.0,CLOCK_UPTIME_RAW,advertised-pcore-max:Apple-M4-Pro/Max,block-15.csv
16,empty,0.0,0.0,1,10000,4510000000.0,CLOCK_UPTIME_RAW,advertised-pcore-max:Apple-M4-Pro/Max,block-16.csv
16,scalar_loop,0.911958,4.11293,1000000,10000,4510000000.0,CLOCK_UPTIME_RAW,advertised-pcore-max:Apple-M4-Pro/Max,block-16.csv
16,smstart_smstop,11.67,52.63,100,10000,4510000000.0,CLOCK_UPTIME_RAW,advertised-pcore-max:Apple-M4-Pro/Max,block-16.csv
16,ssve_mul,0.81640625,3.6796875,256,10000,4510000000.0,CLOCK_UPTIME_RAW,advertised-pcore-max:Apple-M4-Pro/Max,block-16.csv
17,empty,0.0,0.0,1,10000,4510000000.0,CLOCK_UPTIME_RAW,advertised-pcore-max:Apple-M4-Pro/Max,block-17.csv
17,scalar_loop,0.8910205,4.018502,1000000,10000,4510000000.0,CLOCK_UPTIME_RAW,advertised-pcore-max:Apple-M4-Pro/Max,block-17.csv
17,smstart_smstop,11.67,52.63,100,10000,4510000000.0,CLOCK_UPTIME_RAW,advertised-pcore-max:Apple-M4-Pro/Max,block-17.csv
17,ssve_mul,0.9765625,4.40234375,256,10000,4510000000.0,CLOCK_UPTIME_RAW,advertised-pcore-max:Apple-M4-Pro/Max,block-17.csv
18,empty,0.0,0.0,1,10000,4510000000.0,CLOCK_UPTIME_RAW,advertised-pcore-max:Apple-M4-Pro/Max,block-18.csv
18,scalar_loop,0.89,4.0139,1000000,10000,4510000000.0,CLOCK_UPTIME_RAW,advertised-pcore-max:Apple-M4-Pro/Max,block-18.csv
18,smstart_smstop,11.67,52.63,100,10000,4510000000.0,CLOCK_UPTIME_RAW,advertised-pcore-max:Apple-M4-Pro/Max,block-18.csv
18,ssve_mul,0.81640625,3.6796875,256,10000,4510000000.0,CLOCK_UPTIME_RAW,advertised-pcore-max:Apple-M4-Pro/Max,block-18.csv
19,empty,0.0,0.0,1,10000,4510000000.0,CLOCK_UPTIME_RAW,advertised-pcore-max:Apple-M4-Pro/Max,block-19.csv
19,scalar_loop,0.89,4.0139,1000000,10000,4510000000.0,CLOCK_UPTIME_RAW,advertised-pcore-max:Apple-M4-Pro/Max,block-19.csv
19,smstart_smstop,11.67,52.63,100,10000,4510000000.0,CLOCK_UPTIME_RAW,advertised-pcore-max:Apple-M4-Pro/Max,block-19.csv
19,ssve_mul,0.9765625,4.40234375,256,10000,4510000000.0,CLOCK_UPTIME_RAW,advertised-pcore-max:Apple-M4-Pro/Max,block-19.csv
20,empty,0.0,0.0,1,10000,4510000000.0,CLOCK_UPTIME_RAW,advertised-pcore-max:Apple-M4-Pro/Max,block-20.csv
20,scalar_loop,0.889542,4.011834,1000000,10000,4510000000.0,CLOCK_UPTIME_RAW,advertised-pcore-max:Apple-M4-Pro/Max,block-20.csv
20,smstart_smstop,11.67,52.63,100,10000,4510000000.0,CLOCK_UPTIME_RAW,advertised-pcore-max:Apple-M4-Pro/Max,block-20.csv
20,ssve_mul,0.81640625,3.6796875,256,10000,4510000000.0,CLOCK_UPTIME_RAW,advertised-pcore-max:Apple-M4-Pro/Max,block-20.csv
21,empty,0.0,0.0,1,10000,4510000000.0,CLOCK_UPTIME_RAW,advertised-pcore-max:Apple-M4-Pro/Max,block-21.csv
21,scalar_loop,0.8895,4.011645,1000000,10000,4510000000.0,CLOCK_UPTIME_RAW,advertised-pcore-max:Apple-M4-Pro/Max,block-21.csv
21,smstart_smstop,11.67,52.63,100,10000,4510000000.0,CLOCK_UPTIME_RAW,advertised-pcore-max:Apple-M4-Pro/Max,block-21.csv
21,ssve_mul,0.9765625,4.40234375,256,10000,4510000000.0,CLOCK_UPTIME_RAW,advertised-pcore-max:Apple-M4-Pro/Max,block-21.csv
22,empty,0.0,0.0,1,10000,4510000000.0,CLOCK_UPTIME_RAW,advertised-pcore-max:Apple-M4-Pro/Max,block-22.csv
22,scalar_loop,0.889958,4.01371,1000000,10000,4510000000.0,CLOCK_UPTIME_RAW,advertised-pcore-max:Apple-M4-Pro/Max,block-22.csv
22,smstart_smstop,11.67,52.63,100,10000,4510000000.0,CLOCK_UPTIME_RAW,advertised-pcore-max:Apple-M4-Pro/Max,block-22.csv
22,ssve_mul,0.81640625,3.6796875,256,10000,4510000000.0,CLOCK_UPTIME_RAW,advertised-pcore-max:Apple-M4-Pro/Max,block-22.csv
23,empty,0.0,0.0,1,10000,4510000000.0,CLOCK_UPTIME_RAW,advertised-pcore-max:Apple-M4-Pro/Max,block-23.csv
23,scalar_loop,0.889791,4.012957,1000000,10000,4510000000.0,CLOCK_UPTIME_RAW,advertised-pcore-max:Apple-M4-Pro/Max,block-23.csv
23,smstart_smstop,11.67,52.63,100,10000,4510000000.0,CLOCK_UPTIME_RAW,advertised-pcore-max:Apple-M4-Pro/Max,block-23.csv
23,ssve_mul,0.81640625,3.6796875,256,10000,4510000000.0,CLOCK_UPTIME_RAW,advertised-pcore-max:Apple-M4-Pro/Max,block-23.csv
24,empty,0.0,0.0,1,10000,4510000000.0,CLOCK_UPTIME_RAW,advertised-pcore-max:Apple-M4-Pro/Max,block-24.csv
24,scalar_loop,0.89,4.0139,1000000,10000,4510000000.0,CLOCK_UPTIME_RAW,advertised-pcore-max:Apple-M4-Pro/Max,block-24.csv
24,smstart_smstop,11.67,52.63,100,10000,4510000000.0,CLOCK_UPTIME_RAW,advertised-pcore-max:Apple-M4-Pro/Max,block-24.csv
24,ssve_mul,0.81640625,3.6796875,256,10000,4510000000.0,CLOCK_UPTIME_RAW,advertised-pcore-max:Apple-M4-Pro/Max,block-24.csv
25,empty,0.0,0.0,1,10000,4510000000.0,CLOCK_UPTIME_RAW,advertised-pcore-max:Apple-M4-Pro/Max,block-25.csv
25,scalar_loop,0.88975,4.012772,1000000,10000,4510000000.0,CLOCK_UPTIME_RAW,advertised-pcore-max:Apple-M4-Pro/Max,block-25.csv
25,smstart_smstop,11.67,52.63,100,10000,4510000000.0,CLOCK_UPTIME_RAW,advertised-pcore-max:Apple-M4-Pro/Max,block-25.csv
25,ssve_mul,0.81640625,3.6796875,256,10000,4510000000.0,CLOCK_UPTIME_RAW,advertised-pcore-max:Apple-M4-Pro/Max,block-25.csv
26,empty,0.0,0.0,1,10000,4510000000.0,CLOCK_UPTIME_RAW,advertised-pcore-max:Apple-M4-Pro/Max,block-26.csv
26,scalar_loop,0.889958,4.01371,1000000,10000,4510000000.0,CLOCK_UPTIME_RAW,advertised-pcore-max:Apple-M4-Pro/Max,block-26.csv
26,smstart_smstop,11.67,52.63,100,10000,4510000000.0,CLOCK_UPTIME_RAW,advertised-pcore-max:Apple-M4-Pro/Max,block-26.csv
26,ssve_mul,0.9765625,4.40234375,256,10000,4510000000.0,CLOCK_UPTIME_RAW,advertised-pcore-max:Apple-M4-Pro/Max,block-26.csv
27,empty,0.0,0.0,1,10000,4510000000.0,CLOCK_UPTIME_RAW,advertised-pcore-max:Apple-M4-Pro/Max,block-27.csv
27,scalar_loop,0.89,4.0139,1000000,10000,4510000000.0,CLOCK_UPTIME_RAW,advertised-pcore-max:Apple-M4-Pro/Max,block-27.csv
27,smstart_smstop,11.67,52.63,100,10000,4510000000.0,CLOCK_UPTIME_RAW,advertised-pcore-max:Apple-M4-Pro/Max,block-27.csv
27,ssve_mul,0.81640625,3.6796875,256,10000,4510000000.0,CLOCK_UPTIME_RAW,advertised-pcore-max:Apple-M4-Pro/Max,block-27.csv
28,empty,0.0,0.0,1,10000,4510000000.0,CLOCK_UPTIME_RAW,advertised-pcore-max:Apple-M4-Pro/Max,block-28.csv
28,scalar_loop,0.89,4.0139,1000000,10000,4510000000.0,CLOCK_UPTIME_RAW,advertised-pcore-max:Apple-M4-Pro/Max,block-28.csv
28,smstart_smstop,11.67,52.63,100,10000,4510000000.0,CLOCK_UPTIME_RAW,advertised-pcore-max:Apple-M4-Pro/Max,block-28.csv
28,ssve_mul,0.81640625,3.6796875,256,10000,4510000000.0,CLOCK_UPTIME_RAW,advertised-pcore-max:Apple-M4-Pro/Max,block-28.csv
29,empty,0.0,0.0,1,10000,4510000000.0,CLOCK_UPTIME_RAW,advertised-pcore-max:Apple-M4-Pro/Max,block-29.csv
29,scalar_loop,0.88975,4.012772,1000000,10000,4510000000.0,CLOCK_UPTIME_RAW,advertised-pcore-max:Apple-M4-Pro/Max,block-29.csv
29,smstart_smstop,11.67,52.63,100,10000,4510000000.0,CLOCK_UPTIME_RAW,advertised-pcore-max:Apple-M4-Pro/Max,block-29.csv
29,ssve_mul,0.9765625,4.40234375,256,10000,4510000000.0,CLOCK_UPTIME_RAW,advertised-pcore-max:Apple-M4-Pro/Max,block-29.csv
30,empty,0.0,0.0,1,10000,4510000000.0,CLOCK_UPTIME_RAW,advertised-pcore-max:Apple-M4-Pro/Max,block-30.csv
30,scalar_loop,0.889542,4.011834,1000000,10000,4510000000.0,CLOCK_UPTIME_RAW,advertised-pcore-max:Apple-M4-Pro/Max,block-30.csv
30,smstart_smstop,11.67,52.63,100,10000,4510000000.0,CLOCK_UPTIME_RAW,advertised-pcore-max:Apple-M4-Pro/Max,block-30.csv
30,ssve_mul,0.81640625,3.6796875,256,10000,4510000000.0,CLOCK_UPTIME_RAW,advertised-pcore-max:Apple-M4-Pro/Max,block-30.csv
