block,order,stage,paramset,started_utc,file
1,1,5,768,2026-10-01T13:00:23.844917+00:00,block-01-s5.csv
1,2,3,768,2026-10-01T13:00:28.474434+00:00,block-01-s3.csv
1,3,4,768,2026-10-01T13:00:32.894550+00:00,block-01-s4.csv
1,4,1,768,2026-10-01T13:00:37.518493+00:00,block-01-s1.csv
1,5,2,768,2026-10-01T13:00:42.785485+00:00,block-01-s2.csv
2,1,5,768,2026-10-01T13:00:47.276803+00:00,block-02-s5.csv
2,2,3,768,2026-10-01T13:00:51.898512+00:00,block-02-s3.csv
2,3,4,768,2026-10-01T13:00:56.337516+00:00,block-02-s4.csv
2,4,2,768,2026-10-01T13:01:00.960242+00:00,block-02-s2.csv
2,5,1,768,2026-10-01T13:01:05.501793+00:00,block-02-s1.csv
3,1,4,768,2026-10-01T13:01:10.750865+00:00,block-03-s4.csv
3,2,1,768,2026-10-01T13:01:15.393414+00:00,block-03-s1.csv
3,3,5,768,2026-10-01T13:01:20.634035+00:00,block-03-s5.csv
3,4,3,768,2026-10-01T13:01:25.287894+00:00,block-03-s3.csv
3,5,2,768,2026-10-01T13:01:29.746137+00:00,block-03-s2.csv
4,1,2,768,2026-10-01T13:01:34.305288+00:00,block-04-s2.csv
4,2,1,768,2026-10-01T13:01:38.761494+00:00,block-04-s1.csv
4,3,4,768,2026-10-01T13:01:43.907953+00:00,block-04-s4.csv
4,4,5,768,2026-10-01T13:01:48.437734+00:00,block-04-s5.csv
4,5,3,768,2026-10-01T13:01:52.980110+00:00,block-04-s3.csv
5,1,5,768,2026-10-01T13:01:57.333325+00:00,block-05-s5.csv
5,2,3,768,2026-10-01T13:02:01.901997+00:00,block-05-s3.csv
5,3,1,768,2026-10-01T13:02:06.255685+00:00,block-05-s1.csv
5,4,2,768,2026-10-01T13:02:11.437863+00:00,block-05-s2.csv
5,5,4,768,2026-10-01T13:02:15.879999+00:00,block-05-s4.csv
6,1,5,768,2026-10-01T13:02:20.404814+00:00,block-06-s5.csv
6,2,1,768,2026-10-01T13:02:24.948386+00:00,block-06-s1.csv
6,3,2,768,2026-10-01T13:02:30.092220+00:00,block-06-s2.csv
6,4,3,768,2026-10-01T13:02:34.538616+00:00,block-06-s3.csv
6,5,4,768,2026-10-01T13:02:38.888077+00:00,block-06-s4.csv
7,1,3,768,2026-10-01T13:02:43.427105+00:00,block-07-s3.csv
7,2,2,768,2026-10-01T13:02:47.780222+00:00,block-07-s2.csv
7,3,5,768,2026-10-01T13:02:52.225642+00:00,block-07-s5.csv
7,4,4,768,2026-10-01T13:02:56.754917+00:00,block-07-s4.csv
7,5,1,768,2026-10-01T13:03:01.291514+00:00,block-07-s1.csv
8,1,1,768,2026-10-01T13:03:06.432379+00:00,block-08-s1.csv
8,2,5,768,2026-10-01T13:03:11.610371+00:00,block-08-s5.csv
8,3,3,768,2026-10-01T13:03:16.141144+00:00,block-08-s3.csv
8,4,4,768,2026-10-01T13:03:20.505541+00:00,block-08-s4.csv
8,5,2,768,2026-10-01T13:03:25.045753+00:00,block-08-s2.csv
9,1,4,768,2026-10-01T13:03:29.485102+00:00,block-09-s4.csv
9,2,1,768,2026-10-01T13:03:34.026448+00:00,block-09-s1.csv
9,3,3,768,2026-10-01T13:03:39.166216+00:00,block-09-s3.csv
9,4,5,768,2026-10-01T13:03:43.530857+00:00,block-09-s5.csv
9,5,2,768,2026-10-01T13:03:48.058447+00:00,block-09-s2.csv
10,1,5,768,2026-10-01T13:03:52.495697+00:00,block-10-s5.csv
10,2,4,768,2026-10-01T13:03:57.036406+00:00,block-10-s4.csv
10,3,3,768,2026-10-01T13:04:01.550160+00:00,block-10-s3.csv
10,4,2,768,2026-10-01T13:04:05.913605+00:00,block-10-s2.csv
10,5,1,768,2026-10-01T13:04:10.364486+00:00,block-10-s1.csv
11,1,2,768,2026-10-01T13:04:15.506698+00:00,block-11-s2.csv
11,2,3,768,2026-10-01T13:04:19.946474+00:00,block-11-s3.csv
11,3,1,768,2026-10-01T13:04:24.322118+00:00,block-11-s1.csv
11,4,5,768,2026-10-01T13:04:29.465141+00:00,block-11-s5.csv
11,5,4,768,2026-10-01T13:04:34.004920+00:00,block-11-s4.csv
12,1,3,768,2026-10-01T13:04:38.531665+00:00,block-12-s3.csv
12,2,4,768,2026-10-01T13:04:42.891007+00:00,block-12-s4.csv
12,3,5,768,2026-10-01T13:04:47.416071+00:00,block-12-s5.csv
12,4,1,768,2026-10-01T13:04:51.942803+00:00,block-12-s1.csv
12,5,2,768,2026-10-01T13:04:57.140837+00:00,block-12-s2.csv
13,1,5,768,2026-10-01T13:05:01.580853+00:00,block-13-s5.csv
13,2,2,768,2026-10-01T13:05:06.122446+00:00,block-13-s2.csv
13,3,3,768,2026-10-01T13:05:10.600566+00:00,block-13-s3.csv
13,4,1,768,2026-10-01T13:05:14.954774+00:00,block-13-s1.csv
13,5,4,768,2026-10-01T13:05:20.109167+00:00,block-13-s4.csv
14,1,5,768,2026-10-01T13:05:24.644770+00:00,block-14-s5.csv
14,2,1,768,2026-10-01T13:05:29.174943+00:00,block-14-s1.csv
14,3,4,768,2026-10-01T13:05:34.379208+00:00,block-14-s4.csv
14,4,2,768,2026-10-01T13:05:38.936452+00:00,block-14-s2.csv
14,5,3,768,2026-10-01T13:05:43.429408+00:00,block-14-s3.csv
15,1,5,768,2026-10-01T13:05:47.828223+00:00,block-15-s5.csv
15,2,3,768,2026-10-01T13:05:52.410896+00:00,block-15-s3.csv
15,3,4,768,2026-10-01T13:05:56.805319+00:00,block-15-s4.csv
15,4,2,768,2026-10-01T13:06:01.387990+00:00,block-15-s2.csv
15,5,1,768,2026-10-01T13:06:05.872550+00:00,block-15-s1.csv
16,1,3,768,2026-10-01T13:06:11.077321+00:00,block-16-s3.csv
16,2,2,768,2026-10-01T13:06:15.472793+00:00,block-16-s2.csv
16,3,4,768,2026-10-01T13:06:19.970835+00:00,block-16-s4.csv
16,4,5,768,2026-10-01T13:06:24.537837+00:00,block-16-s5.csv
16,5,1,768,2026-10-01T13:06:29.121224+00:00,block-16-s1.csv
17,1,3,768,2026-10-01T13:06:34.312188+00:00,block-17-s3.csv
17,2,4,768,2026-10-01T13:06:38.717891+00:00,block-17-s4.csv
17,3,1,768,2026-10-01T13:06:43.286532+00:00,block-17-s1.csv
17,4,2,768,2026-10-01T13:06:48.476043+00:00,block-17-s2.csv
17,5,5,768,2026-10-01T13:06:52.977026+00:00,block-17-s5.csv
18,1,3,768,2026-10-01T13:06:57.551322+00:00,block-18-s3.csv
18,2,4,768,2026-10-01T13:07:01.959748+00:00,block-18-s4.csv
18,3,1,768,2026-10-01T13:07:06.526733+00:00,block-18-s1.csv
18,4,5,768,2026-10-01T13:07:11.737974+00:00,block-18-s5.csv
18,5,2,768,2026-10-01T13:07:16.321721+00:00,block-18-s2.csv
19,1,1,768,2026-10-01T13:07:20.815080+00:00,block-19-s1.csv
19,2,5,768,2026-10-01T13:07:26.007812+00:00,block-19-s5.csv
19,3,3,768,2026-10-01T13:07:30.594036+00:00,block-19-s3.csv
19,4,4,768,2026-10-01T13:07:34.984517+00:00,block-19-s4.csv
19,5,2,768,2026-10-01T13:07:39.570206+00:00,block-19-s2.csv
20,1,2,768,2026-10-01T13:07:44.083404+00:00,block-20-s2.csv
20,2,5,768,2026-10-01T13:07:48.576405+00:00,block-20-s5.csv
20,3,1,768,2026-10-01T13:07:53.162340+00:00,block-20-s1.csv
20,4,3,768,2026-10-01T13:07:58.362859+00:00,block-20-s3.csv
20,5,4,768,2026-10-01T13:08:02.750038+00:00,block-20-s4.csv
21,1,4,768,2026-10-01T13:08:07.345603+00:00,block-21-s4.csv
21,2,3,768,2026-10-01T13:08:11.892803+00:00,block-21-s3.csv
21,3,1,768,2026-10-01T13:08:16.255743+00:00,block-21-s1.csv
21,4,5,768,2026-10-01T13:08:21.416599+00:00,block-21-s5.csv
21,5,2,768,2026-10-01T13:08:26.015767+00:00,block-21-s2.csv
22,1,4,768,2026-10-01T13:08:30.555737+00:00,block-22-s4.csv
22,2,2,768,2026-10-01T13:08:35.076348+00:00,block-22-s2.csv
22,3,5,768,2026-10-01T13:08:39.518201+00:00,block-22-s5.csv
22,4,1,768,2026-10-01T13:08:44.076616+00:00,block-22-s1.csv
22,5,3,768,2026-10-01T13:08:49.236573+00:00,block-22-s3.csv
23,1,1,768,2026-10-01T13:08:53.611597+00:00,block-23-s1.csv
23,2,5,768,2026-10-01T13:08:58.764106+00:00,block-23-s5.csv
23,3,2,768,2026-10-01T13:09:03.307216+00:00,block-23-s2.csv
23,4,4,768,2026-10-01T13:09:07.768483+00:00,block-23-s4.csv
23,5,3,768,2026-10-01T13:09:12.297451+00:00,block-23-s3.csv
24,1,4,768,2026-10-01T13:09:16.660552+00:00,block-24-s4.csv
24,2,5,768,2026-10-01T13:09:21.202087+00:00,block-24-s5.csv
24,3,3,768,2026-10-01T13:09:25.744861+00:00,block-24-s3.csv
24,4,2,768,2026-10-01T13:09:30.152286+00:00,block-24-s2.csv
24,5,1,768,2026-10-01T13:09:34.640571+00:00,block-24-s1.csv
25,1,3,768,2026-10-01T13:09:39.820357+00:00,block-25-s3.csv
25,2,1,768,2026-10-01T13:09:44.215900+00:00,block-25-s1.csv
25,3,2,768,2026-10-01T13:09:49.419716+00:00,block-25-s2.csv
25,4,5,768,2026-10-01T13:09:53.899746+00:00,block-25-s5.csv
25,5,4,768,2026-10-01T13:09:58.547390+00:00,block-25-s4.csv
26,1,1,768,2026-10-01T13:10:03.177494+00:00,block-26-s1.csv
26,2,2,768,2026-10-01T13:10:08.459876+00:00,block-26-s2.csv
26,3,4,768,2026-10-01T13:10:13.013338+00:00,block-26-s4.csv
26,4,3,768,2026-10-01T13:10:17.582812+00:00,block-26-s3.csv
26,5,5,768,2026-10-01T13:10:21.996448+00:00,block-26-s5.csv
27,1,3,768,2026-10-01T13:10:26.573479+00:00,block-27-s3.csv
27,2,4,768,2026-10-01T13:10:30.966381+00:00,block-27-s4.csv
27,3,5,768,2026-10-01T13:10:35.523330+00:00,block-27-s5.csv
27,4,1,768,2026-10-01T13:10:40.208578+00:00,block-27-s1.csv
27,5,2,768,2026-10-01T13:10:45.472284+00:00,block-27-s2.csv
28,1,1,768,2026-10-01T13:10:49.968477+00:00,block-28-s1.csv
28,2,5,768,2026-10-01T13:10:55.232923+00:00,block-28-s5.csv
28,3,3,768,2026-10-01T13:10:59.927047+00:00,block-28-s3.csv
28,4,2,768,2026-10-01T13:11:04.390044+00:00,block-28-s2.csv
28,5,4,768,2026-10-01T13:11:08.967778+00:00,block-28-s4.csv
29,1,1,768,2026-10-01T13:11:13.608682+00:00,block-29-s1.csv
29,2,2,768,2026-10-01T13:11:18.875255+00:00,block-29-s2.csv
29,3,3,768,2026-10-01T13:11:23.371753+00:00,block-29-s3.csv
29,4,4,768,2026-10-01T13:11:27.771810+00:00,block-29-s4.csv
29,5,5,768,2026-10-01T13:11:32.330896+00:00,block-29-s5.csv
30,1,2,768,2026-10-01T13:11:36.917171+00:00,block-30-s2.csv
30,2,4,768,2026-10-01T13:11:41.403295+00:00,block-30-s4.csv
30,3,3,768,2026-10-01T13:11:45.986255+00:00,block-30-s3.csv
30,4,5,768,2026-10-01T13:11:50.386389+00:00,block-30-s5.csv
30,5,1,768,2026-10-01T13:11:54.977565+00:00,block-30-s1.csv
