stage,paramset,operation,median_of_run_medians,q1_of_run_medians,q3_of_run_medians,iqr_of_run_medians,independent_runs
S1,ML-KEM-768,BaseMulAcc,911.5,911.0,913.0,2.0,30
S1,ML-KEM-768,Decaps,86066.5,85690.0,86254.0,564.0,30
S1,ML-KEM-768,Encaps,87760.0,87756.0,87945.0,189.0,30
S1,ML-KEM-768,INVNTT,1116.0,1116.0,1116.0,0.0,30
S1,ML-KEM-768,InnerProdDec,5869.0,5861.0,5976.0,115.0,30
S1,ML-KEM-768,InnerProdEnc,1473.0,1473.0,1473.0,0.0,30
S1,ML-KEM-768,KeyGen,64452.0,64268.0,64452.0,184.0,30
S1,ML-KEM-768,MatrixVectorMul,9292.0,9254.5,9338.5,84.0,30
S1,ML-KEM-768,NTT,1556.0,1555.0,1557.0,2.0,30
S2,ML-KEM-768,BaseMulAcc,911.0,911.0,913.0,2.0,30
S2,ML-KEM-768,Decaps,83343.0,83245.0,83812.75,567.75,30
S2,ML-KEM-768,Encaps,87003.0,87002.0,87007.0,5.0,30
S2,ML-KEM-768,INVNTT,1116.0,1114.0,1116.0,2.0,30
S2,ML-KEM-768,InnerProdDec,4557.0,4555.0,4560.0,5.0,30
S2,ML-KEM-768,InnerProdEnc,1473.0,1473.0,1473.0,0.0,30
S2,ML-KEM-768,KeyGen,61264.0,61260.0,61448.0,188.0,30
S2,ML-KEM-768,MatrixVectorMul,7963.5,7859.5,7996.0,136.5,30
S2,ML-KEM-768,NTT,1112.0,1110.0,1114.0,4.0,30
S3,ML-KEM-768,BaseMulAcc,911.0,911.0,912.5,1.5,30
S3,ML-KEM-768,Decaps,83245.0,82871.0,83435.0,564.0,30
S3,ML-KEM-768,Encaps,86817.0,86679.0,86817.0,138.0,30
S3,ML-KEM-768,INVNTT,1114.0,1114.0,1116.0,2.0,30
S3,ML-KEM-768,InnerProdDec,4400.0,4397.0,4402.0,5.0,30
S3,ML-KEM-768,InnerProdEnc,1473.0,1473.0,1473.0,0.0,30
S3,ML-KEM-768,KeyGen,60885.0,60885.0,61069.0,184.0,30
S3,ML-KEM-768,MatrixVectorMul,7804.0,7706.0,7823.25,117.25,30
S3,ML-KEM-768,NTT,1057.0,1056.0,1058.0,2.0,30
S4,ML-KEM-768,BaseMulAcc,911.0,911.0,911.0,0.0,30
S4,ML-KEM-768,Decaps,83625.0,83435.0,83999.0,564.0,30
S4,ML-KEM-768,Encaps,87007.0,87007.0,87007.0,0.0,30
S4,ML-KEM-768,INVNTT,1082.0,1080.0,1082.0,2.0,30
S4,ML-KEM-768,InnerProdDec,4741.0,4739.5,4743.75,4.25,30
S4,ML-KEM-768,InnerProdEnc,1529.0,1529.0,1529.0,0.0,30
S4,ML-KEM-768,KeyGen,61638.5,61638.0,61823.0,185.0,30
S4,ML-KEM-768,MatrixVectorMul,8064.0,7961.25,8088.75,127.5,30
S4,ML-KEM-768,NTT,1180.0,1178.0,1180.0,2.0,30
S5,ML-KEM-768,BaseMulAcc,911.0,911.0,913.0,2.0,30
S5,ML-KEM-768,Decaps,83622.0,83435.0,84140.75,705.75,30
S5,ML-KEM-768,Encaps,87007.0,87007.0,87007.0,0.0,30
S5,ML-KEM-768,INVNTT,1082.0,1080.0,1082.0,2.0,30
S5,ML-KEM-768,InnerProdDec,4749.0,4748.0,4754.0,6.0,30
S5,ML-KEM-768,InnerProdEnc,1529.0,1529.0,1529.0,0.0,30
S5,ML-KEM-768,KeyGen,61823.0,61638.0,61823.0,185.0,30
S5,ML-KEM-768,MatrixVectorMul,8068.0,7963.0,8117.75,154.75,30
S5,ML-KEM-768,NTT,1183.0,1182.25,1185.0,2.75,30
