block,order,scheme,backend,paramset,started_utc,file
1,1,mlkem,sme,768,2026-09-25T18:09:36.886657+00:00,block-01-mlkem-sme-768.csv
1,2,kyber,neon,768,2026-09-25T18:09:41.444919+00:00,block-01-kyber-neon-768.csv
1,4,kyber,sme,768,2026-09-25T18:09:42.894827+00:00,block-01-kyber-sme-768.csv
1,5,kyber,ref,768,2026-09-25T18:09:47.030388+00:00,block-01-kyber-ref-768.csv
1,7,mlkem,ref,768,2026-09-25T18:10:14.715403+00:00,block-01-mlkem-ref-768.csv
1,8,mlkem,neon,768,2026-09-25T18:10:17.614128+00:00,block-01-mlkem-neon-768.csv
2,1,kyber,ref,768,2026-09-25T18:10:18.949180+00:00,block-02-kyber-ref-768.csv
2,2,kyber,neon,768,2026-09-25T18:10:42.857478+00:00,block-02-kyber-neon-768.csv
2,4,mlkem,neon,768,2026-09-25T18:10:48.318428+00:00,block-02-mlkem-neon-768.csv
2,5,mlkem,sme,768,2026-09-25T18:10:49.647133+00:00,block-02-mlkem-sme-768.csv
2,7,kyber,sme,768,2026-09-25T18:10:54.135566+00:00,block-02-kyber-sme-768.csv
2,8,mlkem,ref,768,2026-09-25T18:10:58.212178+00:00,block-02-mlkem-ref-768.csv
3,1,kyber,sme,768,2026-09-25T18:11:01.121217+00:00,block-03-kyber-sme-768.csv
3,2,mlkem,sme,768,2026-09-25T18:11:05.202204+00:00,block-03-mlkem-sme-768.csv
3,3,kyber,ref,768,2026-09-25T18:11:09.681265+00:00,block-03-kyber-ref-768.csv
3,4,mlkem,neon,768,2026-09-25T18:11:33.589563+00:00,block-03-mlkem-neon-768.csv
3,6,mlkem,ref,768,2026-09-25T18:11:34.939669+00:00,block-03-mlkem-ref-768.csv
3,7,kyber,neon,768,2026-09-25T18:11:37.884836+00:00,block-03-kyber-neon-768.csv
4,1,kyber,neon,768,2026-09-25T18:11:43.338455+00:00,block-04-kyber-neon-768.csv
4,2,mlkem,sme,768,2026-09-25T18:11:44.786852+00:00,block-04-mlkem-sme-768.csv
4,4,kyber,sme,768,2026-09-25T18:11:53.269160+00:00,block-04-kyber-sme-768.csv
4,5,kyber,ref,768,2026-09-25T18:11:57.355510+00:00,block-04-kyber-ref-768.csv
4,6,mlkem,ref,768,2026-09-25T18:12:21.225690+00:00,block-04-mlkem-ref-768.csv
4,7,mlkem,neon,768,2026-09-25T18:12:24.127930+00:00,block-04-mlkem-neon-768.csv
5,1,kyber,neon,768,2026-09-25T18:12:25.467641+00:00,block-05-kyber-neon-768.csv
5,2,mlkem,neon,768,2026-09-25T18:12:26.910089+00:00,block-05-mlkem-neon-768.csv
5,3,kyber,ref,768,2026-09-25T18:12:28.243248+00:00,block-05-kyber-ref-768.csv
5,5,kyber,sme,768,2026-09-25T18:12:56.107482+00:00,block-05-kyber-sme-768.csv
5,6,mlkem,ref,768,2026-09-25T18:13:00.206320+00:00,block-05-mlkem-ref-768.csv
5,8,mlkem,sme,768,2026-09-25T18:13:03.104365+00:00,block-05-mlkem-sme-768.csv
6,1,kyber,neon,768,2026-09-25T18:13:07.583812+00:00,block-06-kyber-neon-768.csv
6,2,kyber,ref,768,2026-09-25T18:13:09.020787+00:00,block-06-kyber-ref-768.csv
6,4,mlkem,sme,768,2026-09-25T18:13:32.834488+00:00,block-06-mlkem-sme-768.csv
6,5,mlkem,neon,768,2026-09-25T18:13:37.328179+00:00,block-06-mlkem-neon-768.csv
6,6,kyber,sme,768,2026-09-25T18:13:38.657961+00:00,block-06-kyber-sme-768.csv
6,8,mlkem,ref,768,2026-09-25T18:13:46.748448+00:00,block-06-mlkem-ref-768.csv
7,1,kyber,sme,768,2026-09-25T18:13:49.644563+00:00,block-07-kyber-sme-768.csv
7,2,kyber,ref,768,2026-09-25T18:13:53.738217+00:00,block-07-kyber-ref-768.csv
7,4,mlkem,neon,768,2026-09-25T18:14:21.537745+00:00,block-07-mlkem-neon-768.csv
7,5,mlkem,ref,768,2026-09-25T18:14:22.866665+00:00,block-07-mlkem-ref-768.csv
7,6,kyber,neon,768,2026-09-25T18:14:25.761011+00:00,block-07-kyber-neon-768.csv
7,7,mlkem,sme,768,2026-09-25T18:14:27.200909+00:00,block-07-mlkem-sme-768.csv
8,1,kyber,sme,768,2026-09-25T18:14:31.680348+00:00,block-08-kyber-sme-768.csv
8,2,mlkem,sme,768,2026-09-25T18:14:35.760390+00:00,block-08-mlkem-sme-768.csv
8,3,kyber,ref,768,2026-09-25T18:14:40.229360+00:00,block-08-kyber-ref-768.csv
8,4,mlkem,ref,768,2026-09-25T18:15:03.995854+00:00,block-08-mlkem-ref-768.csv
8,6,kyber,neon,768,2026-09-25T18:15:10.895185+00:00,block-08-kyber-neon-768.csv
8,7,mlkem,neon,768,2026-09-25T18:15:12.323865+00:00,block-08-mlkem-neon-768.csv
9,2,kyber,sme,768,2026-09-25T18:15:17.658950+00:00,block-09-kyber-sme-768.csv
9,3,kyber,neon,768,2026-09-25T18:15:21.758804+00:00,block-09-kyber-neon-768.csv
9,4,kyber,ref,768,2026-09-25T18:15:23.197462+00:00,block-09-kyber-ref-768.csv
9,6,mlkem,neon,768,2026-09-25T18:15:47.004399+00:00,block-09-mlkem-neon-768.csv
9,7,mlkem,sme,768,2026-09-25T18:15:48.333892+00:00,block-09-mlkem-sme-768.csv
9,8,mlkem,ref,768,2026-09-25T18:15:52.819495+00:00,block-09-mlkem-ref-768.csv
10,2,mlkem,sme,768,2026-09-25T18:15:59.718057+00:00,block-10-mlkem-sme-768.csv
10,3,kyber,neon,768,2026-09-25T18:16:04.192822+00:00,block-10-kyber-neon-768.csv
10,4,kyber,ref,768,2026-09-25T18:16:05.626408+00:00,block-10-kyber-ref-768.csv
10,5,mlkem,ref,768,2026-09-25T18:16:29.405817+00:00,block-10-mlkem-ref-768.csv
10,7,kyber,sme,768,2026-09-25T18:16:32.309379+00:00,block-10-kyber-sme-768.csv
10,8,mlkem,neon,768,2026-09-25T18:16:36.392744+00:00,block-10-mlkem-neon-768.csv
11,2,mlkem,ref,768,2026-09-25T18:16:37.727333+00:00,block-11-mlkem-ref-768.csv
11,3,kyber,neon,768,2026-09-25T18:16:40.620155+00:00,block-11-kyber-neon-768.csv
11,4,kyber,sme,768,2026-09-25T18:16:42.059783+00:00,block-11-kyber-sme-768.csv
11,5,kyber,ref,768,2026-09-25T18:16:46.139097+00:00,block-11-kyber-ref-768.csv
11,6,mlkem,neon,768,2026-09-25T18:17:09.910376+00:00,block-11-mlkem-neon-768.csv
11,8,mlkem,sme,768,2026-09-25T18:17:15.259112+00:00,block-11-mlkem-sme-768.csv
12,1,kyber,neon,768,2026-09-25T18:17:19.725266+00:00,block-12-kyber-neon-768.csv
12,2,kyber,ref,768,2026-09-25T18:17:21.158652+00:00,block-12-kyber-ref-768.csv
12,3,mlkem,sme,768,2026-09-25T18:17:44.938941+00:00,block-12-mlkem-sme-768.csv
12,4,mlkem,neon,768,2026-09-25T18:17:49.416971+00:00,block-12-mlkem-neon-768.csv
12,5,kyber,sme,768,2026-09-25T18:17:50.744937+00:00,block-12-kyber-sme-768.csv
12,6,mlkem,ref,768,2026-09-25T18:17:54.845888+00:00,block-12-mlkem-ref-768.csv
13,1,mlkem,neon,768,2026-09-25T18:18:01.751842+00:00,block-13-mlkem-neon-768.csv
13,2,mlkem,ref,768,2026-09-25T18:18:03.074133+00:00,block-13-mlkem-ref-768.csv
13,3,kyber,neon,768,2026-09-25T18:18:05.967612+00:00,block-13-kyber-neon-768.csv
13,4,kyber,ref,768,2026-09-25T18:18:07.408021+00:00,block-13-kyber-ref-768.csv
13,6,kyber,sme,768,2026-09-25T18:18:31.185258+00:00,block-13-kyber-sme-768.csv
13,7,mlkem,sme,768,2026-09-25T18:18:35.261251+00:00,block-13-mlkem-sme-768.csv
14,1,kyber,sme,768,2026-09-25T18:18:43.737484+00:00,block-14-kyber-sme-768.csv
14,2,mlkem,ref,768,2026-09-25T18:18:47.817084+00:00,block-14-mlkem-ref-768.csv
14,3,mlkem,sme,768,2026-09-25T18:18:50.703454+00:00,block-14-mlkem-sme-768.csv
14,4,kyber,neon,768,2026-09-25T18:18:55.191206+00:00,block-14-kyber-neon-768.csv
14,5,mlkem,neon,768,2026-09-25T18:18:56.627105+00:00,block-14-mlkem-neon-768.csv
14,6,kyber,ref,768,2026-09-25T18:18:57.953997+00:00,block-14-kyber-ref-768.csv
15,1,mlkem,sme,768,2026-09-25T18:19:25.742506+00:00,block-15-mlkem-sme-768.csv
15,2,mlkem,neon,768,2026-09-25T18:19:30.206760+00:00,block-15-mlkem-neon-768.csv
15,3,kyber,neon,768,2026-09-25T18:19:31.531883+00:00,block-15-kyber-neon-768.csv
15,5,kyber,sme,768,2026-09-25T18:19:32.974521+00:00,block-15-kyber-sme-768.csv
15,6,kyber,ref,768,2026-09-25T18:19:37.086190+00:00,block-15-kyber-ref-768.csv
15,8,mlkem,ref,768,2026-09-25T18:20:04.877367+00:00,block-15-mlkem-ref-768.csv
16,1,kyber,sme,768,2026-09-25T18:20:07.771504+00:00,block-16-kyber-sme-768.csv
16,2,kyber,neon,768,2026-09-25T18:20:11.854210+00:00,block-16-kyber-neon-768.csv
16,3,kyber,ref,768,2026-09-25T18:20:13.290159+00:00,block-16-kyber-ref-768.csv
16,4,mlkem,ref,768,2026-09-25T18:20:37.028618+00:00,block-16-mlkem-ref-768.csv
16,5,mlkem,sme,768,2026-09-25T18:20:39.917376+00:00,block-16-mlkem-sme-768.csv
16,7,mlkem,neon,768,2026-09-25T18:20:48.404859+00:00,block-16-mlkem-neon-768.csv
17,1,mlkem,neon,768,2026-09-25T18:20:49.739619+00:00,block-17-mlkem-neon-768.csv
17,2,mlkem,ref,768,2026-09-25T18:20:51.066937+00:00,block-17-mlkem-ref-768.csv
17,3,kyber,sme,768,2026-09-25T18:20:53.966008+00:00,block-17-kyber-sme-768.csv
17,4,mlkem,sme,768,2026-09-25T18:20:58.048998+00:00,block-17-mlkem-sme-768.csv
17,6,kyber,ref,768,2026-09-25T18:21:06.530679+00:00,block-17-kyber-ref-768.csv
17,8,kyber,neon,768,2026-09-25T18:21:30.242499+00:00,block-17-kyber-neon-768.csv
18,1,mlkem,sme,768,2026-09-25T18:21:31.686460+00:00,block-18-mlkem-sme-768.csv
18,2,kyber,neon,768,2026-09-25T18:21:36.171434+00:00,block-18-kyber-neon-768.csv
18,3,mlkem,neon,768,2026-09-25T18:21:37.605964+00:00,block-18-mlkem-neon-768.csv
18,4,kyber,ref,768,2026-09-25T18:21:38.935405+00:00,block-18-kyber-ref-768.csv
18,5,kyber,sme,768,2026-09-25T18:22:02.702204+00:00,block-18-kyber-sme-768.csv
18,7,mlkem,ref,768,2026-09-25T18:22:06.791056+00:00,block-18-mlkem-ref-768.csv
19,2,mlkem,sme,768,2026-09-25T18:22:17.689429+00:00,block-19-mlkem-sme-768.csv
19,3,kyber,ref,768,2026-09-25T18:22:22.154310+00:00,block-19-kyber-ref-768.csv
19,4,kyber,neon,768,2026-09-25T18:22:45.882847+00:00,block-19-kyber-neon-768.csv
19,5,mlkem,neon,768,2026-09-25T18:22:47.318790+00:00,block-19-mlkem-neon-768.csv
19,6,mlkem,ref,768,2026-09-25T18:22:48.649742+00:00,block-19-mlkem-ref-768.csv
19,7,kyber,sme,768,2026-09-25T18:22:51.541650+00:00,block-19-kyber-sme-768.csv
20,2,kyber,neon,768,2026-09-25T18:22:59.680812+00:00,block-20-kyber-neon-768.csv
20,3,mlkem,neon,768,2026-09-25T18:23:01.111435+00:00,block-20-mlkem-neon-768.csv
20,5,mlkem,sme,768,2026-09-25T18:23:02.449540+00:00,block-20-mlkem-sme-768.csv
20,6,kyber,ref,768,2026-09-25T18:23:06.913933+00:00,block-20-kyber-ref-768.csv
20,7,mlkem,ref,768,2026-09-25T18:23:30.682659+00:00,block-20-mlkem-ref-768.csv
20,8,kyber,sme,768,2026-09-25T18:23:33.573532+00:00,block-20-kyber-sme-768.csv
21,1,kyber,sme,768,2026-09-25T18:23:37.670430+00:00,block-21-kyber-sme-768.csv
21,2,mlkem,neon,768,2026-09-25T18:23:41.748693+00:00,block-21-mlkem-neon-768.csv
21,3,kyber,ref,768,2026-09-25T18:23:43.074151+00:00,block-21-kyber-ref-768.csv
21,4,mlkem,ref,768,2026-09-25T18:24:06.813669+00:00,block-21-mlkem-ref-768.csv
21,6,mlkem,sme,768,2026-09-25T18:24:13.718159+00:00,block-21-mlkem-sme-768.csv
21,8,kyber,neon,768,2026-09-25T18:24:18.193908+00:00,block-21-kyber-neon-768.csv
22,1,kyber,sme,768,2026-09-25T18:24:19.626788+00:00,block-22-kyber-sme-768.csv
22,2,mlkem,neon,768,2026-09-25T18:24:23.725675+00:00,block-22-mlkem-neon-768.csv
22,4,kyber,neon,768,2026-09-25T18:24:25.059795+00:00,block-22-kyber-neon-768.csv
22,6,mlkem,ref,768,2026-09-25T18:24:30.505163+00:00,block-22-mlkem-ref-768.csv
22,7,mlkem,sme,768,2026-09-25T18:24:33.392316+00:00,block-22-mlkem-sme-768.csv
22,8,kyber,ref,768,2026-09-25T18:24:37.858184+00:00,block-22-kyber-ref-768.csv
23,1,kyber,neon,768,2026-09-25T18:25:01.589135+00:00,block-23-kyber-neon-768.csv
23,4,mlkem,sme,768,2026-09-25T18:25:07.047922+00:00,block-23-mlkem-sme-768.csv
23,5,mlkem,neon,768,2026-09-25T18:25:11.517253+00:00,block-23-mlkem-neon-768.csv
23,6,mlkem,ref,768,2026-09-25T18:25:12.843814+00:00,block-23-mlkem-ref-768.csv
23,7,kyber,ref,768,2026-09-25T18:25:15.737094+00:00,block-23-kyber-ref-768.csv
23,8,kyber,sme,768,2026-09-25T18:25:39.519099+00:00,block-23-kyber-sme-768.csv
24,1,kyber,ref,768,2026-09-25T18:25:43.606232+00:00,block-24-kyber-ref-768.csv
24,3,mlkem,sme,768,2026-09-25T18:26:07.408073+00:00,block-24-mlkem-sme-768.csv
24,4,kyber,neon,768,2026-09-25T18:26:11.877587+00:00,block-24-kyber-neon-768.csv
24,5,mlkem,neon,768,2026-09-25T18:26:13.311977+00:00,block-24-mlkem-neon-768.csv
24,6,mlkem,ref,768,2026-09-25T18:26:14.636018+00:00,block-24-mlkem-ref-768.csv
24,7,kyber,sme,768,2026-09-25T18:26:17.528836+00:00,block-24-kyber-sme-768.csv
25,2,kyber,ref,768,2026-09-25T18:26:29.639450+00:00,block-25-kyber-ref-768.csv
25,3,kyber,sme,768,2026-09-25T18:26:53.320322+00:00,block-25-kyber-sme-768.csv
25,4,kyber,neon,768,2026-09-25T18:26:57.412181+00:00,block-25-kyber-neon-768.csv
25,5,mlkem,sme,768,2026-09-25T18:26:58.847619+00:00,block-25-mlkem-sme-768.csv
25,7,mlkem,ref,768,2026-09-25T18:27:03.330118+00:00,block-25-mlkem-ref-768.csv
25,8,mlkem,neon,768,2026-09-25T18:27:06.216838+00:00,block-25-mlkem-neon-768.csv
26,1,kyber,ref,768,2026-09-25T18:27:07.545419+00:00,block-26-kyber-ref-768.csv
26,3,kyber,sme,768,2026-09-25T18:27:35.276096+00:00,block-26-kyber-sme-768.csv
26,4,kyber,neon,768,2026-09-25T18:27:39.358419+00:00,block-26-kyber-neon-768.csv
26,5,mlkem,ref,768,2026-09-25T18:27:40.788075+00:00,block-26-mlkem-ref-768.csv
26,6,mlkem,neon,768,2026-09-25T18:27:43.682777+00:00,block-26-mlkem-neon-768.csv
26,7,mlkem,sme,768,2026-09-25T18:27:45.011992+00:00,block-26-mlkem-sme-768.csv
27,1,mlkem,sme,768,2026-09-25T18:27:49.494527+00:00,block-27-mlkem-sme-768.csv
27,2,kyber,sme,768,2026-09-25T18:27:53.968879+00:00,block-27-kyber-sme-768.csv
27,4,kyber,neon,768,2026-09-25T18:27:58.061917+00:00,block-27-kyber-neon-768.csv
27,5,kyber,ref,768,2026-09-25T18:27:59.496468+00:00,block-27-kyber-ref-768.csv
27,7,mlkem,ref,768,2026-09-25T18:28:27.222913+00:00,block-27-mlkem-ref-768.csv
27,8,mlkem,neon,768,2026-09-25T18:28:30.109082+00:00,block-27-mlkem-neon-768.csv
28,1,mlkem,sme,768,2026-09-25T18:28:31.436595+00:00,block-28-mlkem-sme-768.csv
28,2,mlkem,neon,768,2026-09-25T18:28:35.914476+00:00,block-28-mlkem-neon-768.csv
28,4,kyber,neon,768,2026-09-25T18:28:37.245716+00:00,block-28-kyber-neon-768.csv
28,5,mlkem,ref,768,2026-09-25T18:28:38.682326+00:00,block-28-mlkem-ref-768.csv
28,6,kyber,sme,768,2026-09-25T18:28:41.572488+00:00,block-28-kyber-sme-768.csv
28,7,kyber,ref,768,2026-09-25T18:28:45.649212+00:00,block-28-kyber-ref-768.csv
29,1,mlkem,neon,768,2026-09-25T18:29:13.425622+00:00,block-29-mlkem-neon-768.csv
29,4,kyber,ref,768,2026-09-25T18:29:18.763957+00:00,block-29-kyber-ref-768.csv
29,5,mlkem,sme,768,2026-09-25T18:29:42.488377+00:00,block-29-mlkem-sme-768.csv
29,6,kyber,neon,768,2026-09-25T18:29:46.960464+00:00,block-29-kyber-neon-768.csv
29,7,kyber,sme,768,2026-09-25T18:29:48.395323+00:00,block-29-kyber-sme-768.csv
29,8,mlkem,ref,768,2026-09-25T18:29:52.473899+00:00,block-29-mlkem-ref-768.csv
30,3,kyber,sme,768,2026-09-25T18:29:59.397722+00:00,block-30-kyber-sme-768.csv
30,4,kyber,neon,768,2026-09-25T18:30:03.476836+00:00,block-30-kyber-neon-768.csv
30,5,mlkem,sme,768,2026-09-25T18:30:04.910995+00:00,block-30-mlkem-sme-768.csv
30,6,mlkem,ref,768,2026-09-25T18:30:09.394937+00:00,block-30-mlkem-ref-768.csv
30,7,kyber,ref,768,2026-09-25T18:30:12.279259+00:00,block-30-kyber-ref-768.csv
30,8,mlkem,neon,768,2026-09-25T18:30:36.020754+00:00,block-30-mlkem-neon-768.csv
1,1,mlkem,sme,512,2026-09-26T07:03:47.885207+00:00,block-01-mlkem-sme-512.csv
1,3,kyber,neon,512,2026-09-26T07:03:56.886445+00:00,block-01-kyber-neon-512.csv
1,5,mlkem,sme,1024,2026-09-26T07:04:00.973251+00:00,block-01-mlkem-sme-1024.csv
1,6,kyber,neon,1024,2026-09-26T07:04:06.846604+00:00,block-01-kyber-neon-1024.csv
1,8,mlkem,ref,1024,2026-09-26T07:04:11.756694+00:00,block-01-mlkem-ref-1024.csv
1,10,kyber,sme,1024,2026-09-26T07:04:20.655373+00:00,block-01-kyber-sme-1024.csv
1,11,kyber,ref,512,2026-09-26T07:04:26.009948+00:00,block-01-kyber-ref-512.csv
1,12,mlkem,neon,1024,2026-09-26T07:04:42.309853+00:00,block-01-mlkem-neon-1024.csv
1,13,kyber,ref,1024,2026-09-26T07:04:44.079135+00:00,block-01-kyber-ref-1024.csv
1,14,kyber,sme,512,2026-09-26T07:05:16.085361+00:00,block-01-kyber-sme-512.csv
1,15,mlkem,ref,512,2026-09-26T07:05:19.237355+00:00,block-01-mlkem-ref-512.csv
1,16,mlkem,neon,512,2026-09-26T07:05:21.367930+00:00,block-01-mlkem-neon-512.csv
2,2,kyber,neon,512,2026-09-26T07:05:28.015711+00:00,block-02-kyber-neon-512.csv
2,3,mlkem,sme,512,2026-09-26T07:05:29.023643+00:00,block-02-mlkem-sme-512.csv
2,6,mlkem,ref,512,2026-09-26T07:05:40.641139+00:00,block-02-mlkem-ref-512.csv
2,7,kyber,sme,1024,2026-09-26T07:05:42.763307+00:00,block-02-kyber-sme-1024.csv
2,8,mlkem,neon,512,2026-09-26T07:05:48.140623+00:00,block-02-mlkem-neon-512.csv
2,9,mlkem,sme,1024,2026-09-26T07:05:49.071462+00:00,block-02-mlkem-sme-1024.csv
2,10,mlkem,neon,1024,2026-09-26T07:05:54.897922+00:00,block-02-mlkem-neon-1024.csv
2,11,kyber,ref,1024,2026-09-26T07:05:56.689039+00:00,block-02-kyber-ref-1024.csv
2,12,kyber,ref,512,2026-09-26T07:06:29.090350+00:00,block-02-kyber-ref-512.csv
2,13,kyber,sme,512,2026-09-26T07:06:45.867681+00:00,block-02-kyber-sme-512.csv
2,15,kyber,neon,1024,2026-09-26T07:06:52.109352+00:00,block-02-kyber-neon-1024.csv
2,16,mlkem,ref,1024,2026-09-26T07:06:54.036837+00:00,block-02-mlkem-ref-1024.csv
3,2,kyber,neon,512,2026-09-26T07:07:00.840103+00:00,block-03-kyber-neon-512.csv
3,3,mlkem,neon,512,2026-09-26T07:07:01.858151+00:00,block-03-mlkem-neon-512.csv
3,4,kyber,neon,1024,2026-09-26T07:07:02.791798+00:00,block-03-kyber-neon-1024.csv
3,5,mlkem,neon,1024,2026-09-26T07:07:04.713289+00:00,block-03-mlkem-neon-1024.csv
3,6,kyber,ref,1024,2026-09-26T07:07:06.530691+00:00,block-03-kyber-ref-1024.csv
3,7,kyber,sme,1024,2026-09-26T07:07:39.250901+00:00,block-03-kyber-sme-1024.csv
3,8,mlkem,ref,1024,2026-09-26T07:07:44.610518+00:00,block-03-mlkem-ref-1024.csv
3,11,kyber,ref,512,2026-09-26T07:07:56.707284+00:00,block-03-kyber-ref-512.csv
3,12,kyber,sme,512,2026-09-26T07:08:13.493992+00:00,block-03-kyber-sme-512.csv
3,13,mlkem,sme,512,2026-09-26T07:08:16.624452+00:00,block-03-mlkem-sme-512.csv
3,14,mlkem,ref,512,2026-09-26T07:08:19.788618+00:00,block-03-mlkem-ref-512.csv
3,16,mlkem,sme,1024,2026-09-26T07:08:27.652187+00:00,block-03-mlkem-sme-1024.csv
4,1,kyber,sme,512,2026-09-26T07:08:33.433624+00:00,block-04-kyber-sme-512.csv
4,2,mlkem,neon,1024,2026-09-26T07:08:36.558876+00:00,block-04-mlkem-neon-1024.csv
4,4,mlkem,sme,1024,2026-09-26T07:08:41.480756+00:00,block-04-mlkem-sme-1024.csv
4,5,mlkem,ref,512,2026-09-26T07:08:47.328962+00:00,block-04-mlkem-ref-512.csv
4,6,kyber,sme,1024,2026-09-26T07:08:49.489311+00:00,block-04-kyber-sme-1024.csv
4,9,kyber,ref,1024,2026-09-26T07:09:03.683155+00:00,block-04-kyber-ref-1024.csv
4,10,kyber,neon,1024,2026-09-26T07:09:36.324357+00:00,block-04-kyber-neon-1024.csv
4,11,mlkem,sme,512,2026-09-26T07:09:38.256036+00:00,block-04-mlkem-sme-512.csv
4,12,mlkem,neon,512,2026-09-26T07:09:41.432765+00:00,block-04-mlkem-neon-512.csv
4,13,kyber,ref,512,2026-09-26T07:09:42.369303+00:00,block-04-kyber-ref-512.csv
4,14,mlkem,ref,1024,2026-09-26T07:09:59.262722+00:00,block-04-mlkem-ref-1024.csv
4,15,kyber,neon,512,2026-09-26T07:10:03.013689+00:00,block-04-kyber-neon-512.csv
5,1,kyber,ref,512,2026-09-26T07:10:09.299529+00:00,block-05-kyber-ref-512.csv
5,2,kyber,sme,1024,2026-09-26T07:10:26.081606+00:00,block-05-kyber-sme-1024.csv
5,3,kyber,neon,512,2026-09-26T07:10:31.446718+00:00,block-05-kyber-neon-512.csv
5,4,kyber,neon,1024,2026-09-26T07:10:32.462474+00:00,block-05-kyber-neon-1024.csv
5,5,kyber,ref,1024,2026-09-26T07:10:34.380048+00:00,block-05-kyber-ref-1024.csv
5,7,mlkem,sme,1024,2026-09-26T07:11:12.550207+00:00,block-05-mlkem-sme-1024.csv
5,8,mlkem,neon,512,2026-09-26T07:11:18.340253+00:00,block-05-mlkem-neon-512.csv
5,9,mlkem,ref,1024,2026-09-26T07:11:19.268616+00:00,block-05-mlkem-ref-1024.csv
5,10,mlkem,ref,512,2026-09-26T07:11:22.986312+00:00,block-05-mlkem-ref-512.csv
5,11,mlkem,sme,512,2026-09-26T07:11:25.130486+00:00,block-05-mlkem-sme-512.csv
5,14,mlkem,neon,1024,2026-09-26T07:11:34.433167+00:00,block-05-mlkem-neon-1024.csv
5,16,kyber,sme,512,2026-09-26T07:11:41.488186+00:00,block-05-kyber-sme-512.csv
6,4,kyber,neon,1024,2026-09-26T07:11:58.745307+00:00,block-06-kyber-neon-1024.csv
6,5,kyber,sme,512,2026-09-26T07:12:00.634198+00:00,block-06-kyber-sme-512.csv
6,6,mlkem,ref,512,2026-09-26T07:12:03.762927+00:00,block-06-mlkem-ref-512.csv
6,7,kyber,ref,1024,2026-09-26T07:12:05.885436+00:00,block-06-kyber-ref-1024.csv
6,8,mlkem,neon,512,2026-09-26T07:12:38.014960+00:00,block-06-mlkem-neon-512.csv
6,9,mlkem,ref,1024,2026-09-26T07:12:38.941004+00:00,block-06-mlkem-ref-1024.csv
6,10,mlkem,sme,512,2026-09-26T07:12:42.651078+00:00,block-06-mlkem-sme-512.csv
6,11,kyber,sme,1024,2026-09-26T07:12:45.831328+00:00,block-06-kyber-sme-1024.csv
6,12,kyber,ref,512,2026-09-26T07:12:51.175370+00:00,block-06-kyber-ref-512.csv
6,13,kyber,neon,512,2026-09-26T07:13:07.705757+00:00,block-06-kyber-neon-512.csv
6,14,mlkem,neon,1024,2026-09-26T07:13:08.718574+00:00,block-06-mlkem-neon-1024.csv
6,16,mlkem,sme,1024,2026-09-26T07:13:13.562707+00:00,block-06-mlkem-sme-1024.csv
7,2,kyber,sme,1024,2026-09-26T07:13:25.065887+00:00,block-07-kyber-sme-1024.csv
7,3,kyber,sme,512,2026-09-26T07:13:30.438759+00:00,block-07-kyber-sme-512.csv
7,4,mlkem,ref,1024,2026-09-26T07:13:33.579695+00:00,block-07-mlkem-ref-1024.csv
7,5,kyber,neon,512,2026-09-26T07:13:37.275744+00:00,block-07-kyber-neon-512.csv
7,6,mlkem,neon,512,2026-09-26T07:13:38.281160+00:00,block-07-mlkem-neon-512.csv
7,7,mlkem,neon,1024,2026-09-26T07:13:39.202689+00:00,block-07-mlkem-neon-1024.csv
7,8,mlkem,ref,512,2026-09-26T07:13:40.977970+00:00,block-07-mlkem-ref-512.csv
7,9,kyber,ref,512,2026-09-26T07:13:43.104490+00:00,block-07-kyber-ref-512.csv
7,10,kyber,ref,1024,2026-09-26T07:13:59.697222+00:00,block-07-kyber-ref-1024.csv
7,11,kyber,neon,1024,2026-09-26T07:14:32.002173+00:00,block-07-kyber-neon-1024.csv
7,14,mlkem,sme,512,2026-09-26T07:14:40.041202+00:00,block-07-mlkem-sme-512.csv
7,15,mlkem,sme,1024,2026-09-26T07:14:43.209797+00:00,block-07-mlkem-sme-1024.csv
8,1,kyber,ref,512,2026-09-26T07:14:54.253368+00:00,block-08-kyber-ref-512.csv
8,3,kyber,neon,512,2026-09-26T07:15:16.500001+00:00,block-08-kyber-neon-512.csv
8,4,kyber,neon,1024,2026-09-26T07:15:17.507661+00:00,block-08-kyber-neon-1024.csv
8,6,mlkem,sme,512,2026-09-26T07:15:22.437577+00:00,block-08-mlkem-sme-512.csv
8,7,mlkem,ref,1024,2026-09-26T07:15:25.619587+00:00,block-08-mlkem-ref-1024.csv
8,8,mlkem,neon,512,2026-09-26T07:15:29.323681+00:00,block-08-mlkem-neon-512.csv
8,9,mlkem,sme,1024,2026-09-26T07:15:30.248143+00:00,block-08-mlkem-sme-1024.csv
8,10,mlkem,neon,1024,2026-09-26T07:15:36.064155+00:00,block-08-mlkem-neon-1024.csv
8,13,kyber,sme,512,2026-09-26T07:15:46.218745+00:00,block-08-kyber-sme-512.csv
8,14,kyber,sme,1024,2026-09-26T07:15:49.353628+00:00,block-08-kyber-sme-1024.csv
8,15,kyber,ref,1024,2026-09-26T07:15:54.706106+00:00,block-08-kyber-ref-1024.csv
8,16,mlkem,ref,512,2026-09-26T07:16:26.812460+00:00,block-08-mlkem-ref-512.csv
9,1,mlkem,ref,1024,2026-09-26T07:16:28.941632+00:00,block-09-mlkem-ref-1024.csv
9,2,mlkem,sme,512,2026-09-26T07:16:32.660627+00:00,block-09-mlkem-sme-512.csv
9,5,kyber,sme,1024,2026-09-26T07:16:44.627327+00:00,block-09-kyber-sme-1024.csv
9,6,mlkem,ref,512,2026-09-26T07:16:50.018699+00:00,block-09-mlkem-ref-512.csv
9,7,mlkem,neon,1024,2026-09-26T07:16:52.135101+00:00,block-09-mlkem-neon-1024.csv
9,8,mlkem,neon,512,2026-09-26T07:16:53.908223+00:00,block-09-mlkem-neon-512.csv
9,9,kyber,neon,1024,2026-09-26T07:16:54.834120+00:00,block-09-kyber-neon-1024.csv
9,10,mlkem,sme,1024,2026-09-26T07:16:56.723022+00:00,block-09-mlkem-sme-1024.csv
9,11,kyber,ref,1024,2026-09-26T07:17:02.506129+00:00,block-09-kyber-ref-1024.csv
9,13,kyber,sme,512,2026-09-26T07:17:39.909065+00:00,block-09-kyber-sme-512.csv
9,14,kyber,ref,512,2026-09-26T07:17:43.032101+00:00,block-09-kyber-ref-512.csv
9,16,kyber,neon,512,2026-09-26T07:18:02.668276+00:00,block-09-kyber-neon-512.csv
10,1,kyber,sme,512,2026-09-26T07:18:03.677833+00:00,block-10-kyber-sme-512.csv
10,2,mlkem,sme,1024,2026-09-26T07:18:06.805268+00:00,block-10-mlkem-sme-1024.csv
10,3,mlkem,ref,1024,2026-09-26T07:18:12.589989+00:00,block-10-mlkem-ref-1024.csv
10,4,mlkem,sme,512,2026-09-26T07:18:16.282374+00:00,block-10-mlkem-sme-512.csv
10,6,kyber,neon,1024,2026-09-26T07:18:24.717584+00:00,block-10-kyber-neon-1024.csv
10,7,kyber,ref,512,2026-09-26T07:18:26.621047+00:00,block-10-kyber-ref-512.csv
10,8,mlkem,neon,1024,2026-09-26T07:18:43.109531+00:00,block-10-mlkem-neon-1024.csv
10,9,mlkem,ref,512,2026-09-26T07:18:44.891235+00:00,block-10-mlkem-ref-512.csv
10,11,mlkem,neon,512,2026-09-26T07:18:52.799432+00:00,block-10-mlkem-neon-512.csv
10,12,kyber,neon,512,2026-09-26T07:18:53.718844+00:00,block-10-kyber-neon-512.csv
10,13,kyber,ref,1024,2026-09-26T07:18:54.728672+00:00,block-10-kyber-ref-1024.csv
10,16,kyber,sme,1024,2026-09-26T07:19:32.983522+00:00,block-10-kyber-sme-1024.csv
11,1,kyber,neon,512,2026-09-26T07:19:38.329709+00:00,block-11-kyber-neon-512.csv
11,2,mlkem,ref,1024,2026-09-26T07:19:39.334440+00:00,block-11-mlkem-ref-1024.csv
11,3,kyber,ref,1024,2026-09-26T07:19:43.027297+00:00,block-11-kyber-ref-1024.csv
11,4,mlkem,neon,1024,2026-09-26T07:20:15.174554+00:00,block-11-mlkem-neon-1024.csv
11,5,mlkem,ref,512,2026-09-26T07:20:16.956785+00:00,block-11-mlkem-ref-512.csv
11,6,mlkem,neon,512,2026-09-26T07:20:19.082527+00:00,block-11-mlkem-neon-512.csv
11,7,mlkem,sme,1024,2026-09-26T07:20:20.006729+00:00,block-11-mlkem-sme-1024.csv
11,8,mlkem,sme,512,2026-09-26T07:20:25.786643+00:00,block-11-mlkem-sme-512.csv
11,11,kyber,ref,512,2026-09-26T07:20:35.101475+00:00,block-11-kyber-ref-512.csv
11,12,kyber,neon,1024,2026-09-26T07:20:51.779500+00:00,block-11-kyber-neon-1024.csv
11,13,kyber,sme,1024,2026-09-26T07:20:53.697562+00:00,block-11-kyber-sme-1024.csv
11,14,kyber,sme,512,2026-09-26T07:20:59.071130+00:00,block-11-kyber-sme-512.csv
12,2,kyber,neon,1024,2026-09-26T07:21:18.938313+00:00,block-12-kyber-neon-1024.csv
12,3,mlkem,neon,512,2026-09-26T07:21:20.824630+00:00,block-12-mlkem-neon-512.csv
12,4,mlkem,neon,1024,2026-09-26T07:21:21.744746+00:00,block-12-mlkem-neon-1024.csv
12,5,kyber,sme,1024,2026-09-26T07:21:23.520902+00:00,block-12-kyber-sme-1024.csv
12,6,kyber,neon,512,2026-09-26T07:21:28.867708+00:00,block-12-kyber-neon-512.csv
12,8,kyber,ref,1024,2026-09-26T07:21:32.972387+00:00,block-12-kyber-ref-1024.csv
12,9,mlkem,sme,1024,2026-09-26T07:22:05.085133+00:00,block-12-mlkem-sme-1024.csv
12,10,kyber,ref,512,2026-09-26T07:22:10.880832+00:00,block-12-kyber-ref-512.csv
12,11,mlkem,ref,512,2026-09-26T07:22:27.482246+00:00,block-12-mlkem-ref-512.csv
12,12,mlkem,sme,512,2026-09-26T07:22:29.612085+00:00,block-12-mlkem-sme-512.csv
12,14,mlkem,ref,1024,2026-09-26T07:22:35.835677+00:00,block-12-mlkem-ref-1024.csv
12,16,kyber,sme,512,2026-09-26T07:22:44.805551+00:00,block-12-kyber-sme-512.csv
13,1,mlkem,sme,512,2026-09-26T07:22:47.935538+00:00,block-13-mlkem-sme-512.csv
13,3,mlkem,sme,1024,2026-09-26T07:22:54.197387+00:00,block-13-mlkem-sme-1024.csv
13,5,kyber,ref,1024,2026-09-26T07:23:05.687505+00:00,block-13-kyber-ref-1024.csv
13,6,kyber,ref,512,2026-09-26T07:23:37.702534+00:00,block-13-kyber-ref-512.csv
13,7,kyber,neon,512,2026-09-26T07:23:54.219706+00:00,block-13-kyber-neon-512.csv
13,8,mlkem,ref,1024,2026-09-26T07:23:55.224467+00:00,block-13-mlkem-ref-1024.csv
13,9,kyber,neon,1024,2026-09-26T07:23:58.918148+00:00,block-13-kyber-neon-1024.csv
13,10,mlkem,neon,1024,2026-09-26T07:24:00.807581+00:00,block-13-mlkem-neon-1024.csv
13,12,mlkem,neon,512,2026-09-26T07:24:07.852065+00:00,block-13-mlkem-neon-512.csv
13,13,mlkem,ref,512,2026-09-26T07:24:08.772124+00:00,block-13-mlkem-ref-512.csv
13,14,kyber,sme,512,2026-09-26T07:24:10.891473+00:00,block-13-kyber-sme-512.csv
13,15,kyber,sme,1024,2026-09-26T07:24:14.010323+00:00,block-13-kyber-sme-1024.csv
14,1,kyber,neon,512,2026-09-26T07:24:22.390177+00:00,block-14-kyber-neon-512.csv
14,2,kyber,ref,512,2026-09-26T07:24:23.392972+00:00,block-14-kyber-ref-512.csv
14,5,kyber,sme,1024,2026-09-26T07:24:50.886933+00:00,block-14-kyber-sme-1024.csv
14,6,kyber,sme,512,2026-09-26T07:24:56.222096+00:00,block-14-kyber-sme-512.csv
14,8,mlkem,ref,1024,2026-09-26T07:25:02.402424+00:00,block-14-mlkem-ref-1024.csv
14,9,mlkem,sme,1024,2026-09-26T07:25:06.090723+00:00,block-14-mlkem-sme-1024.csv
14,10,kyber,ref,1024,2026-09-26T07:25:11.870246+00:00,block-14-kyber-ref-1024.csv
14,11,mlkem,neon,1024,2026-09-26T07:25:43.939687+00:00,block-14-mlkem-neon-1024.csv
14,12,kyber,neon,1024,2026-09-26T07:25:45.715466+00:00,block-14-kyber-neon-1024.csv
14,13,mlkem,ref,512,2026-09-26T07:25:47.610046+00:00,block-14-mlkem-ref-512.csv
14,14,mlkem,neon,512,2026-09-26T07:25:49.775876+00:00,block-14-mlkem-neon-512.csv
14,15,mlkem,sme,512,2026-09-26T07:25:50.701463+00:00,block-14-mlkem-sme-512.csv
15,2,mlkem,neon,512,2026-09-26T07:26:00.083058+00:00,block-15-mlkem-neon-512.csv
15,3,mlkem,sme,1024,2026-09-26T07:26:00.999096+00:00,block-15-mlkem-sme-1024.csv
15,4,kyber,neon,512,2026-09-26T07:26:06.787112+00:00,block-15-kyber-neon-512.csv
15,5,kyber,sme,512,2026-09-26T07:26:07.794667+00:00,block-15-kyber-sme-512.csv
15,6,mlkem,neon,1024,2026-09-26T07:26:10.915716+00:00,block-15-mlkem-neon-1024.csv
15,8,kyber,sme,1024,2026-09-26T07:26:18.392256+00:00,block-15-kyber-sme-1024.csv
15,9,kyber,neon,1024,2026-09-26T07:26:23.732315+00:00,block-15-kyber-neon-1024.csv
15,10,mlkem,sme,512,2026-09-26T07:26:25.614804+00:00,block-15-mlkem-sme-512.csv
15,11,mlkem,ref,1024,2026-09-26T07:26:28.781687+00:00,block-15-mlkem-ref-1024.csv
15,12,mlkem,ref,512,2026-09-26T07:26:32.465361+00:00,block-15-mlkem-ref-512.csv
15,13,kyber,ref,512,2026-09-26T07:26:34.583632+00:00,block-15-kyber-ref-512.csv
15,15,kyber,ref,1024,2026-09-26T07:26:56.329455+00:00,block-15-kyber-ref-1024.csv
16,1,mlkem,sme,1024,2026-09-26T07:27:31.459255+00:00,block-16-mlkem-sme-1024.csv
16,2,kyber,sme,512,2026-09-26T07:27:37.239151+00:00,block-16-kyber-sme-512.csv
16,3,kyber,neon,512,2026-09-26T07:27:40.374259+00:00,block-16-kyber-neon-512.csv
16,4,mlkem,neon,1024,2026-09-26T07:27:41.377081+00:00,block-16-mlkem-neon-1024.csv
16,6,mlkem,sme,512,2026-09-26T07:27:46.212980+00:00,block-16-mlkem-sme-512.csv
16,7,kyber,neon,1024,2026-09-26T07:27:49.381719+00:00,block-16-kyber-neon-1024.csv
16,8,mlkem,ref,1024,2026-09-26T07:27:51.270979+00:00,block-16-mlkem-ref-1024.csv
16,9,mlkem,neon,512,2026-09-26T07:27:54.951596+00:00,block-16-mlkem-neon-512.csv
16,10,kyber,ref,512,2026-09-26T07:27:55.873123+00:00,block-16-kyber-ref-512.csv
16,13,mlkem,ref,512,2026-09-26T07:28:21.226342+00:00,block-16-mlkem-ref-512.csv
16,15,kyber,ref,1024,2026-09-26T07:28:28.709946+00:00,block-16-kyber-ref-1024.csv
16,16,kyber,sme,1024,2026-09-26T07:29:00.952516+00:00,block-16-kyber-sme-1024.csv
17,1,kyber,neon,1024,2026-09-26T07:29:06.314738+00:00,block-17-kyber-neon-1024.csv
17,2,mlkem,sme,1024,2026-09-26T07:29:08.217122+00:00,block-17-mlkem-sme-1024.csv
17,3,kyber,sme,512,2026-09-26T07:29:14.036677+00:00,block-17-kyber-sme-512.csv
17,5,kyber,ref,1024,2026-09-26T07:29:22.463396+00:00,block-17-kyber-ref-1024.csv
17,6,kyber,ref,512,2026-09-26T07:29:54.759167+00:00,block-17-kyber-ref-512.csv
17,7,mlkem,neon,512,2026-09-26T07:30:11.394846+00:00,block-17-mlkem-neon-512.csv
17,8,mlkem,sme,512,2026-09-26T07:30:12.324462+00:00,block-17-mlkem-sme-512.csv
17,9,mlkem,ref,1024,2026-09-26T07:30:15.510474+00:00,block-17-mlkem-ref-1024.csv
17,11,kyber,neon,512,2026-09-26T07:30:22.285297+00:00,block-17-kyber-neon-512.csv
17,13,mlkem,neon,1024,2026-09-26T07:30:26.402215+00:00,block-17-mlkem-neon-1024.csv
17,14,kyber,sme,1024,2026-09-26T07:30:28.191157+00:00,block-17-kyber-sme-1024.csv
17,16,mlkem,ref,512,2026-09-26T07:30:39.314809+00:00,block-17-mlkem-ref-512.csv
18,2,kyber,ref,512,2026-09-26T07:30:44.501587+00:00,block-18-kyber-ref-512.csv
18,3,kyber,sme,512,2026-09-26T07:31:01.068047+00:00,block-18-kyber-sme-512.csv
18,4,mlkem,sme,1024,2026-09-26T07:31:04.200591+00:00,block-18-mlkem-sme-1024.csv
18,6,kyber,sme,1024,2026-09-26T07:31:13.088661+00:00,block-18-kyber-sme-1024.csv
18,7,mlkem,ref,512,2026-09-26T07:31:18.457655+00:00,block-18-mlkem-ref-512.csv
18,9,mlkem,neon,512,2026-09-26T07:31:26.306974+00:00,block-18-mlkem-neon-512.csv
18,10,mlkem,neon,1024,2026-09-26T07:31:27.235510+00:00,block-18-mlkem-neon-1024.csv
18,11,mlkem,ref,1024,2026-09-26T07:31:29.020832+00:00,block-18-mlkem-ref-1024.csv
18,12,kyber,neon,1024,2026-09-26T07:31:32.744407+00:00,block-18-kyber-neon-1024.csv
18,13,kyber,ref,1024,2026-09-26T07:31:34.660141+00:00,block-18-kyber-ref-1024.csv
18,14,kyber,neon,512,2026-09-26T07:32:07.010380+00:00,block-18-kyber-neon-512.csv
18,16,mlkem,sme,512,2026-09-26T07:32:13.319102+00:00,block-18-mlkem-sme-512.csv
19,1,kyber,ref,1024,2026-09-26T07:32:16.496286+00:00,block-19-kyber-ref-1024.csv
19,2,kyber,ref,512,2026-09-26T07:32:48.753740+00:00,block-19-kyber-ref-512.csv
19,3,mlkem,sme,1024,2026-09-26T07:33:05.408256+00:00,block-19-mlkem-sme-1024.csv
19,5,mlkem,neon,1024,2026-09-26T07:33:16.929060+00:00,block-19-mlkem-neon-1024.csv
19,6,kyber,sme,512,2026-09-26T07:33:18.715114+00:00,block-19-kyber-sme-512.csv
19,8,mlkem,ref,512,2026-09-26T07:33:24.898564+00:00,block-19-mlkem-ref-512.csv
19,9,kyber,neon,512,2026-09-26T07:33:27.039872+00:00,block-19-kyber-neon-512.csv
19,10,mlkem,neon,512,2026-09-26T07:33:28.050461+00:00,block-19-mlkem-neon-512.csv
19,12,mlkem,sme,512,2026-09-26T07:33:34.258317+00:00,block-19-mlkem-sme-512.csv
19,14,mlkem,ref,1024,2026-09-26T07:33:40.519981+00:00,block-19-mlkem-ref-1024.csv
19,15,kyber,neon,1024,2026-09-26T07:33:44.229920+00:00,block-19-kyber-neon-1024.csv
19,16,kyber,sme,1024,2026-09-26T07:33:46.127462+00:00,block-19-kyber-sme-1024.csv
20,3,kyber,sme,1024,2026-09-26T07:34:00.347695+00:00,block-20-kyber-sme-1024.csv
20,4,mlkem,ref,1024,2026-09-26T07:34:05.705633+00:00,block-20-mlkem-ref-1024.csv
20,5,kyber,ref,512,2026-09-26T07:34:09.407364+00:00,block-20-kyber-ref-512.csv
20,6,mlkem,neon,1024,2026-09-26T07:34:25.988981+00:00,block-20-mlkem-neon-1024.csv
20,7,kyber,ref,1024,2026-09-26T07:34:27.777577+00:00,block-20-kyber-ref-1024.csv
20,8,kyber,sme,512,2026-09-26T07:35:00.133649+00:00,block-20-kyber-sme-512.csv
20,9,mlkem,sme,1024,2026-09-26T07:35:03.288362+00:00,block-20-mlkem-sme-1024.csv
20,10,mlkem,neon,512,2026-09-26T07:35:09.075244+00:00,block-20-mlkem-neon-512.csv
20,11,mlkem,ref,512,2026-09-26T07:35:09.999664+00:00,block-20-mlkem-ref-512.csv
20,12,kyber,neon,1024,2026-09-26T07:35:12.139703+00:00,block-20-kyber-neon-1024.csv
20,14,kyber,neon,512,2026-09-26T07:35:19.302422+00:00,block-20-kyber-neon-512.csv
20,15,mlkem,sme,512,2026-09-26T07:35:20.312776+00:00,block-20-mlkem-sme-512.csv
21,1,kyber,sme,512,2026-09-26T07:35:26.544090+00:00,block-21-kyber-sme-512.csv
21,2,kyber,sme,1024,2026-09-26T07:35:29.671382+00:00,block-21-kyber-sme-1024.csv
21,4,mlkem,ref,1024,2026-09-26T07:35:38.066614+00:00,block-21-mlkem-ref-1024.csv
21,6,mlkem,ref,512,2026-09-26T07:35:47.539419+00:00,block-21-mlkem-ref-512.csv
21,7,kyber,neon,512,2026-09-26T07:35:49.662345+00:00,block-21-kyber-neon-512.csv
21,8,kyber,ref,1024,2026-09-26T07:35:50.679303+00:00,block-21-kyber-ref-1024.csv
21,10,kyber,ref,512,2026-09-26T07:36:28.383150+00:00,block-21-kyber-ref-512.csv
21,11,mlkem,neon,512,2026-09-26T07:36:45.073839+00:00,block-21-mlkem-neon-512.csv
21,12,mlkem,neon,1024,2026-09-26T07:36:46.006901+00:00,block-21-mlkem-neon-1024.csv
21,13,mlkem,sme,1024,2026-09-26T07:36:47.795991+00:00,block-21-mlkem-sme-1024.csv
21,15,kyber,neon,1024,2026-09-26T07:36:56.678499+00:00,block-21-kyber-neon-1024.csv
21,16,mlkem,sme,512,2026-09-26T07:36:58.588915+00:00,block-21-mlkem-sme-512.csv
22,1,kyber,neon,1024,2026-09-26T07:37:01.773325+00:00,block-22-kyber-neon-1024.csv
22,2,mlkem,sme,512,2026-09-26T07:37:03.675063+00:00,block-22-mlkem-sme-512.csv
22,3,mlkem,neon,512,2026-09-26T07:37:06.830555+00:00,block-22-mlkem-neon-512.csv
22,4,kyber,ref,1024,2026-09-26T07:37:07.753487+00:00,block-22-kyber-ref-1024.csv
22,5,kyber,ref,512,2026-09-26T07:37:40.002864+00:00,block-22-kyber-ref-512.csv
22,6,mlkem,sme,1024,2026-09-26T07:37:56.551966+00:00,block-22-mlkem-sme-1024.csv
22,8,kyber,sme,1024,2026-09-26T07:38:08.024377+00:00,block-22-kyber-sme-1024.csv
22,9,mlkem,ref,512,2026-09-26T07:38:13.367470+00:00,block-22-mlkem-ref-512.csv
22,13,kyber,neon,512,2026-09-26T07:38:26.860268+00:00,block-22-kyber-neon-512.csv
22,14,mlkem,neon,1024,2026-09-26T07:38:27.859919+00:00,block-22-mlkem-neon-1024.csv
22,15,mlkem,ref,1024,2026-09-26T07:38:29.632015+00:00,block-22-mlkem-ref-1024.csv
22,16,kyber,sme,512,2026-09-26T07:38:33.319864+00:00,block-22-kyber-sme-512.csv
23,1,kyber,ref,512,2026-09-26T07:38:36.442100+00:00,block-23-kyber-ref-512.csv
23,3,kyber,sme,1024,2026-09-26T07:38:58.595745+00:00,block-23-kyber-sme-1024.csv
23,6,mlkem,ref,512,2026-09-26T07:39:10.036777+00:00,block-23-mlkem-ref-512.csv
23,7,mlkem,sme,1024,2026-09-26T07:39:12.155403+00:00,block-23-mlkem-sme-1024.csv
23,8,mlkem,sme,512,2026-09-26T07:39:17.918364+00:00,block-23-mlkem-sme-512.csv
23,9,mlkem,ref,1024,2026-09-26T07:39:21.070739+00:00,block-23-mlkem-ref-1024.csv
23,10,kyber,neon,512,2026-09-26T07:39:24.760651+00:00,block-23-kyber-neon-512.csv
23,11,kyber,neon,1024,2026-09-26T07:39:25.769528+00:00,block-23-kyber-neon-1024.csv
23,12,mlkem,neon,1024,2026-09-26T07:39:27.654719+00:00,block-23-mlkem-neon-1024.csv
23,14,kyber,ref,1024,2026-09-26T07:39:34.666309+00:00,block-23-kyber-ref-1024.csv
23,15,mlkem,neon,512,2026-09-26T07:40:06.743098+00:00,block-23-mlkem-neon-512.csv
23,16,kyber,sme,512,2026-09-26T07:40:07.667442+00:00,block-23-kyber-sme-512.csv
24,1,mlkem,neon,1024,2026-09-26T07:40:10.785517+00:00,block-24-mlkem-neon-1024.csv
24,2,kyber,sme,512,2026-09-26T07:40:12.564952+00:00,block-24-kyber-sme-512.csv
24,3,mlkem,ref,512,2026-09-26T07:40:15.675247+00:00,block-24-mlkem-ref-512.csv
24,5,kyber,neon,512,2026-09-26T07:40:23.487215+00:00,block-24-kyber-neon-512.csv
24,6,mlkem,neon,512,2026-09-26T07:40:24.496857+00:00,block-24-mlkem-neon-512.csv
24,7,kyber,neon,1024,2026-09-26T07:40:25.422444+00:00,block-24-kyber-neon-1024.csv
24,10,kyber,ref,512,2026-09-26T07:40:33.434500+00:00,block-24-kyber-ref-512.csv
24,11,mlkem,ref,1024,2026-09-26T07:40:49.962292+00:00,block-24-mlkem-ref-1024.csv
24,12,kyber,ref,1024,2026-09-26T07:40:53.664481+00:00,block-24-kyber-ref-1024.csv
24,13,mlkem,sme,1024,2026-09-26T07:41:25.804958+00:00,block-24-mlkem-sme-1024.csv
24,14,kyber,sme,1024,2026-09-26T07:41:31.564231+00:00,block-24-kyber-sme-1024.csv
24,16,mlkem,sme,512,2026-09-26T07:41:42.127925+00:00,block-24-mlkem-sme-512.csv
25,1,mlkem,ref,512,2026-09-26T07:41:45.287198+00:00,block-25-mlkem-ref-512.csv
25,2,mlkem,ref,1024,2026-09-26T07:41:47.402237+00:00,block-25-mlkem-ref-1024.csv
25,3,mlkem,sme,1024,2026-09-26T07:41:51.095776+00:00,block-25-mlkem-sme-1024.csv
25,4,kyber,neon,512,2026-09-26T07:41:56.855935+00:00,block-25-kyber-neon-512.csv
25,5,mlkem,neon,1024,2026-09-26T07:41:57.863101+00:00,block-25-mlkem-neon-1024.csv
25,6,kyber,sme,512,2026-09-26T07:41:59.638558+00:00,block-25-kyber-sme-512.csv
25,7,kyber,neon,1024,2026-09-26T07:42:02.764183+00:00,block-25-kyber-neon-1024.csv
25,9,kyber,sme,1024,2026-09-26T07:42:07.691615+00:00,block-25-kyber-sme-1024.csv
25,10,mlkem,sme,512,2026-09-26T07:42:13.019349+00:00,block-25-mlkem-sme-512.csv
25,11,kyber,ref,512,2026-09-26T07:42:16.180495+00:00,block-25-kyber-ref-512.csv
25,12,mlkem,neon,512,2026-09-26T07:42:32.652006+00:00,block-25-mlkem-neon-512.csv
25,13,kyber,ref,1024,2026-09-26T07:42:33.577104+00:00,block-25-kyber-ref-1024.csv
26,1,mlkem,sme,1024,2026-09-26T07:43:19.704351+00:00,block-26-mlkem-sme-1024.csv
26,2,mlkem,sme,512,2026-09-26T07:43:25.463449+00:00,block-26-mlkem-sme-512.csv
26,3,mlkem,neon,1024,2026-09-26T07:43:28.629142+00:00,block-26-mlkem-neon-1024.csv
26,4,mlkem,ref,1024,2026-09-26T07:43:30.398202+00:00,block-26-mlkem-ref-1024.csv
26,5,kyber,neon,1024,2026-09-26T07:43:34.087516+00:00,block-26-kyber-neon-1024.csv
26,6,mlkem,ref,512,2026-09-26T07:43:35.979787+00:00,block-26-mlkem-ref-512.csv
26,7,kyber,neon,512,2026-09-26T07:43:38.102231+00:00,block-26-kyber-neon-512.csv
26,8,kyber,sme,1024,2026-09-26T07:43:39.112783+00:00,block-26-kyber-sme-1024.csv
26,11,kyber,sme,512,2026-09-26T07:43:52.768806+00:00,block-26-kyber-sme-512.csv
26,13,mlkem,neon,512,2026-09-26T07:43:58.922336+00:00,block-26-mlkem-neon-512.csv
26,14,kyber,ref,1024,2026-09-26T07:43:59.841052+00:00,block-26-kyber-ref-1024.csv
26,16,kyber,ref,512,2026-09-26T07:44:37.609541+00:00,block-26-kyber-ref-512.csv
27,1,mlkem,sme,512,2026-09-26T07:44:54.121980+00:00,block-27-mlkem-sme-512.csv
27,2,kyber,neon,1024,2026-09-26T07:44:57.274902+00:00,block-27-kyber-neon-1024.csv
27,3,mlkem,neon,512,2026-09-26T07:44:59.161040+00:00,block-27-mlkem-neon-512.csv
27,4,kyber,ref,512,2026-09-26T07:45:00.083697+00:00,block-27-kyber-ref-512.csv
27,5,kyber,ref,1024,2026-09-26T07:45:16.584751+00:00,block-27-kyber-ref-1024.csv
27,6,mlkem,ref,1024,2026-09-26T07:45:48.725123+00:00,block-27-mlkem-ref-1024.csv
27,8,kyber,neon,512,2026-09-26T07:45:58.108257+00:00,block-27-kyber-neon-512.csv
27,9,mlkem,sme,1024,2026-09-26T07:45:59.117863+00:00,block-27-mlkem-sme-1024.csv
27,10,kyber,sme,512,2026-09-26T07:46:04.890043+00:00,block-27-kyber-sme-512.csv
27,11,mlkem,ref,512,2026-09-26T07:46:07.998411+00:00,block-27-mlkem-ref-512.csv
27,13,mlkem,neon,1024,2026-09-26T07:46:13.153787+00:00,block-27-mlkem-neon-1024.csv
27,15,kyber,sme,1024,2026-09-26T07:46:20.162448+00:00,block-27-kyber-sme-1024.csv
28,2,mlkem,sme,512,2026-09-26T07:46:33.806416+00:00,block-28-mlkem-sme-512.csv
28,4,kyber,neon,1024,2026-09-26T07:46:40.042586+00:00,block-28-kyber-neon-1024.csv
28,5,kyber,sme,512,2026-09-26T07:46:41.920518+00:00,block-28-kyber-sme-512.csv
28,6,mlkem,sme,1024,2026-09-26T07:46:45.036433+00:00,block-28-mlkem-sme-1024.csv
28,8,kyber,ref,512,2026-09-26T07:46:53.835834+00:00,block-28-kyber-ref-512.csv
28,9,kyber,neon,512,2026-09-26T07:47:10.256455+00:00,block-28-kyber-neon-512.csv
28,10,kyber,ref,1024,2026-09-26T07:47:11.259715+00:00,block-28-kyber-ref-1024.csv
28,11,kyber,sme,1024,2026-09-26T07:47:43.307594+00:00,block-28-kyber-sme-1024.csv
28,12,mlkem,neon,512,2026-09-26T07:47:48.648878+00:00,block-28-mlkem-neon-512.csv
28,13,mlkem,ref,512,2026-09-26T07:47:49.567920+00:00,block-28-mlkem-ref-512.csv
28,14,mlkem,ref,1024,2026-09-26T07:47:51.688820+00:00,block-28-mlkem-ref-1024.csv
28,16,mlkem,neon,1024,2026-09-26T07:48:01.080504+00:00,block-28-mlkem-neon-1024.csv
29,1,mlkem,sme,1024,2026-09-26T07:48:02.852437+00:00,block-29-mlkem-sme-1024.csv
29,2,mlkem,neon,1024,2026-09-26T07:48:08.613658+00:00,block-29-mlkem-neon-1024.csv
29,4,kyber,ref,512,2026-09-26T07:48:13.468255+00:00,block-29-kyber-ref-512.csv
29,5,mlkem,sme,512,2026-09-26T07:48:29.958745+00:00,block-29-mlkem-sme-512.csv
29,7,kyber,neon,1024,2026-09-26T07:48:38.358191+00:00,block-29-kyber-neon-1024.csv
29,9,kyber,ref,1024,2026-09-26T07:48:45.941871+00:00,block-29-kyber-ref-1024.csv
29,10,kyber,sme,512,2026-09-26T07:49:17.962960+00:00,block-29-kyber-sme-512.csv
29,11,mlkem,ref,1024,2026-09-26T07:49:21.071120+00:00,block-29-mlkem-ref-1024.csv
29,12,kyber,neon,512,2026-09-26T07:49:24.760719+00:00,block-29-kyber-neon-512.csv
29,13,mlkem,ref,512,2026-09-26T07:49:25.767406+00:00,block-29-mlkem-ref-512.csv
29,14,kyber,sme,1024,2026-09-26T07:49:27.884043+00:00,block-29-kyber-sme-1024.csv
29,15,mlkem,neon,512,2026-09-26T07:49:33.208602+00:00,block-29-mlkem-neon-512.csv
30,1,mlkem,ref,512,2026-09-26T07:49:37.170467+00:00,block-30-mlkem-ref-512.csv
30,2,mlkem,neon,1024,2026-09-26T07:49:39.285401+00:00,block-30-mlkem-neon-1024.csv
30,4,mlkem,neon,512,2026-09-26T07:49:46.303112+00:00,block-30-mlkem-neon-512.csv
30,5,kyber,ref,1024,2026-09-26T07:49:47.224584+00:00,block-30-kyber-ref-1024.csv
30,6,kyber,sme,512,2026-09-26T07:50:19.245636+00:00,block-30-kyber-sme-512.csv
30,8,kyber,neon,1024,2026-09-26T07:50:25.437973+00:00,block-30-kyber-neon-1024.csv
30,9,kyber,ref,512,2026-09-26T07:50:27.323330+00:00,block-30-kyber-ref-512.csv
30,10,mlkem,sme,512,2026-09-26T07:50:43.809470+00:00,block-30-mlkem-sme-512.csv
30,11,mlkem,sme,1024,2026-09-26T07:50:46.964119+00:00,block-30-mlkem-sme-1024.csv
30,12,mlkem,ref,1024,2026-09-26T07:50:52.734548+00:00,block-30-mlkem-ref-1024.csv
30,14,kyber,neon,512,2026-09-26T07:51:02.111723+00:00,block-30-kyber-neon-512.csv
30,15,kyber,sme,1024,2026-09-26T07:51:03.117435+00:00,block-30-kyber-sme-1024.csv
1,1,mlkem,sve,768,2026-10-01T13:12:34.495542+00:00,block-01-mlkem-sve-768.csv
1,2,kyber,sve,512,2026-10-01T13:12:38.883643+00:00,block-01-kyber-sve-512.csv
1,3,mlkem,sve,1024,2026-10-01T13:12:41.935444+00:00,block-01-mlkem-sve-1024.csv
1,4,kyber,sve,768,2026-10-01T13:12:47.593352+00:00,block-01-kyber-sve-768.csv
1,5,kyber,sve,1024,2026-10-01T13:12:51.591743+00:00,block-01-kyber-sve-1024.csv
1,6,mlkem,sve,512,2026-10-01T13:12:56.830671+00:00,block-01-mlkem-sve-512.csv
2,1,mlkem,sve,1024,2026-10-01T13:12:59.789215+00:00,block-02-mlkem-sve-1024.csv
2,2,kyber,sve,1024,2026-10-01T13:13:05.457580+00:00,block-02-kyber-sve-1024.csv
2,3,kyber,sve,512,2026-10-01T13:13:10.762874+00:00,block-02-kyber-sve-512.csv
2,4,mlkem,sve,512,2026-10-01T13:13:13.845460+00:00,block-02-mlkem-sve-512.csv
2,5,mlkem,sve,768,2026-10-01T13:13:16.784838+00:00,block-02-mlkem-sve-768.csv
2,6,kyber,sve,768,2026-10-01T13:13:21.157252+00:00,block-02-kyber-sve-768.csv
3,1,mlkem,sve,1024,2026-10-01T13:13:25.167529+00:00,block-03-mlkem-sve-1024.csv
3,2,kyber,sve,1024,2026-10-01T13:13:30.799428+00:00,block-03-kyber-sve-1024.csv
3,3,mlkem,sve,512,2026-10-01T13:13:36.030541+00:00,block-03-mlkem-sve-512.csv
3,4,kyber,sve,768,2026-10-01T13:13:38.958892+00:00,block-03-kyber-sve-768.csv
3,5,mlkem,sve,768,2026-10-01T13:13:42.954289+00:00,block-03-mlkem-sve-768.csv
3,6,kyber,sve,512,2026-10-01T13:13:47.319143+00:00,block-03-kyber-sve-512.csv
4,1,mlkem,sve,768,2026-10-01T13:13:50.365683+00:00,block-04-mlkem-sve-768.csv
4,2,kyber,sve,768,2026-10-01T13:13:54.740926+00:00,block-04-kyber-sve-768.csv
4,3,kyber,sve,512,2026-10-01T13:13:58.716446+00:00,block-04-kyber-sve-512.csv
4,4,mlkem,sve,1024,2026-10-01T13:14:01.773220+00:00,block-04-mlkem-sve-1024.csv
4,5,mlkem,sve,512,2026-10-01T13:14:07.499901+00:00,block-04-mlkem-sve-512.csv
4,6,kyber,sve,1024,2026-10-01T13:14:10.461582+00:00,block-04-kyber-sve-1024.csv
5,1,mlkem,sve,768,2026-10-01T13:14:15.712265+00:00,block-05-mlkem-sve-768.csv
5,2,mlkem,sve,512,2026-10-01T13:14:20.108730+00:00,block-05-mlkem-sve-512.csv
5,3,mlkem,sve,1024,2026-10-01T13:14:23.057224+00:00,block-05-mlkem-sve-1024.csv
5,4,kyber,sve,512,2026-10-01T13:14:28.722196+00:00,block-05-kyber-sve-512.csv
5,5,kyber,sve,1024,2026-10-01T13:14:31.774667+00:00,block-05-kyber-sve-1024.csv
5,6,kyber,sve,768,2026-10-01T13:14:37.001708+00:00,block-05-kyber-sve-768.csv
6,1,kyber,sve,768,2026-10-01T13:14:41.008812+00:00,block-06-kyber-sve-768.csv
6,2,kyber,sve,512,2026-10-01T13:14:45.058445+00:00,block-06-kyber-sve-512.csv
6,3,kyber,sve,1024,2026-10-01T13:14:48.145507+00:00,block-06-kyber-sve-1024.csv
6,4,mlkem,sve,1024,2026-10-01T13:14:53.421545+00:00,block-06-mlkem-sve-1024.csv
6,5,mlkem,sve,512,2026-10-01T13:14:59.170887+00:00,block-06-mlkem-sve-512.csv
6,6,mlkem,sve,768,2026-10-01T13:15:02.098819+00:00,block-06-mlkem-sve-768.csv
7,1,kyber,sve,512,2026-10-01T13:15:06.492954+00:00,block-07-kyber-sve-512.csv
7,2,kyber,sve,768,2026-10-01T13:15:09.563103+00:00,block-07-kyber-sve-768.csv
7,3,kyber,sve,1024,2026-10-01T13:15:13.541700+00:00,block-07-kyber-sve-1024.csv
7,4,mlkem,sve,512,2026-10-01T13:15:18.741387+00:00,block-07-mlkem-sve-512.csv
7,5,mlkem,sve,1024,2026-10-01T13:15:21.649764+00:00,block-07-mlkem-sve-1024.csv
7,6,mlkem,sve,768,2026-10-01T13:15:27.313262+00:00,block-07-mlkem-sve-768.csv
8,1,mlkem,sve,768,2026-10-01T13:15:31.675606+00:00,block-08-mlkem-sve-768.csv
8,2,kyber,sve,1024,2026-10-01T13:15:36.016032+00:00,block-08-kyber-sve-1024.csv
8,3,kyber,sve,512,2026-10-01T13:15:41.279558+00:00,block-08-kyber-sve-512.csv
8,4,mlkem,sve,512,2026-10-01T13:15:44.364548+00:00,block-08-mlkem-sve-512.csv
8,5,mlkem,sve,1024,2026-10-01T13:15:47.306283+00:00,block-08-mlkem-sve-1024.csv
8,6,kyber,sve,768,2026-10-01T13:15:53.013431+00:00,block-08-kyber-sve-768.csv
9,1,mlkem,sve,768,2026-10-01T13:15:57.123369+00:00,block-09-mlkem-sve-768.csv
9,2,mlkem,sve,512,2026-10-01T13:16:01.558423+00:00,block-09-mlkem-sve-512.csv
9,3,mlkem,sve,1024,2026-10-01T13:16:04.495476+00:00,block-09-mlkem-sve-1024.csv
9,4,kyber,sve,1024,2026-10-01T13:16:10.198856+00:00,block-09-kyber-sve-1024.csv
9,5,kyber,sve,512,2026-10-01T13:16:15.497971+00:00,block-09-kyber-sve-512.csv
9,6,kyber,sve,768,2026-10-01T13:16:18.603609+00:00,block-09-kyber-sve-768.csv
10,1,mlkem,sve,1024,2026-10-01T13:16:22.645185+00:00,block-10-mlkem-sve-1024.csv
10,2,kyber,sve,768,2026-10-01T13:16:28.448035+00:00,block-10-kyber-sve-768.csv
10,3,kyber,sve,1024,2026-10-01T13:16:32.475751+00:00,block-10-kyber-sve-1024.csv
10,4,mlkem,sve,768,2026-10-01T13:16:37.707677+00:00,block-10-mlkem-sve-768.csv
10,5,mlkem,sve,512,2026-10-01T13:16:42.153224+00:00,block-10-mlkem-sve-512.csv
10,6,kyber,sve,512,2026-10-01T13:16:45.105503+00:00,block-10-kyber-sve-512.csv
11,1,mlkem,sve,1024,2026-10-01T13:16:48.165769+00:00,block-11-mlkem-sve-1024.csv
11,2,kyber,sve,512,2026-10-01T13:16:53.894973+00:00,block-11-kyber-sve-512.csv
11,3,mlkem,sve,512,2026-10-01T13:16:56.978375+00:00,block-11-mlkem-sve-512.csv
11,4,kyber,sve,768,2026-10-01T13:16:59.955352+00:00,block-11-kyber-sve-768.csv
11,5,kyber,sve,1024,2026-10-01T13:17:03.991976+00:00,block-11-kyber-sve-1024.csv
11,6,mlkem,sve,768,2026-10-01T13:17:09.241244+00:00,block-11-mlkem-sve-768.csv
12,1,mlkem,sve,1024,2026-10-01T13:17:13.663965+00:00,block-12-mlkem-sve-1024.csv
12,2,kyber,sve,512,2026-10-01T13:17:19.376016+00:00,block-12-kyber-sve-512.csv
12,3,mlkem,sve,768,2026-10-01T13:17:22.462117+00:00,block-12-mlkem-sve-768.csv
12,4,kyber,sve,1024,2026-10-01T13:17:26.882482+00:00,block-12-kyber-sve-1024.csv
12,5,kyber,sve,768,2026-10-01T13:17:32.117818+00:00,block-12-kyber-sve-768.csv
12,6,mlkem,sve,512,2026-10-01T13:17:36.165188+00:00,block-12-mlkem-sve-512.csv
13,1,mlkem,sve,768,2026-10-01T13:17:39.105015+00:00,block-13-mlkem-sve-768.csv
13,2,mlkem,sve,512,2026-10-01T13:17:43.506738+00:00,block-13-mlkem-sve-512.csv
13,3,kyber,sve,768,2026-10-01T13:17:46.444974+00:00,block-13-kyber-sve-768.csv
13,4,kyber,sve,512,2026-10-01T13:17:50.490948+00:00,block-13-kyber-sve-512.csv
13,5,kyber,sve,1024,2026-10-01T13:17:53.563668+00:00,block-13-kyber-sve-1024.csv
13,6,mlkem,sve,1024,2026-10-01T13:17:58.809962+00:00,block-13-mlkem-sve-1024.csv
14,1,mlkem,sve,1024,2026-10-01T13:18:04.528553+00:00,block-14-mlkem-sve-1024.csv
14,2,kyber,sve,768,2026-10-01T13:18:10.248608+00:00,block-14-kyber-sve-768.csv
14,3,kyber,sve,512,2026-10-01T13:18:14.287120+00:00,block-14-kyber-sve-512.csv
14,4,mlkem,sve,768,2026-10-01T13:18:17.375393+00:00,block-14-mlkem-sve-768.csv
14,5,mlkem,sve,512,2026-10-01T13:18:21.792245+00:00,block-14-mlkem-sve-512.csv
14,6,kyber,sve,1024,2026-10-01T13:18:24.747819+00:00,block-14-kyber-sve-1024.csv
15,1,mlkem,sve,768,2026-10-01T13:18:30.045294+00:00,block-15-mlkem-sve-768.csv
15,2,kyber,sve,512,2026-10-01T13:18:34.469129+00:00,block-15-kyber-sve-512.csv
15,3,mlkem,sve,1024,2026-10-01T13:18:37.558056+00:00,block-15-mlkem-sve-1024.csv
15,4,kyber,sve,1024,2026-10-01T13:18:43.289868+00:00,block-15-kyber-sve-1024.csv
15,5,kyber,sve,768,2026-10-01T13:18:48.536383+00:00,block-15-kyber-sve-768.csv
15,6,mlkem,sve,512,2026-10-01T13:18:52.547023+00:00,block-15-mlkem-sve-512.csv
16,1,mlkem,sve,1024,2026-10-01T13:18:55.477591+00:00,block-16-mlkem-sve-1024.csv
16,2,mlkem,sve,512,2026-10-01T13:19:01.179759+00:00,block-16-mlkem-sve-512.csv
16,3,kyber,sve,1024,2026-10-01T13:19:04.094505+00:00,block-16-kyber-sve-1024.csv
16,4,kyber,sve,512,2026-10-01T13:19:09.330627+00:00,block-16-kyber-sve-512.csv
16,5,kyber,sve,768,2026-10-01T13:19:12.385790+00:00,block-16-kyber-sve-768.csv
16,6,mlkem,sve,768,2026-10-01T13:19:16.408731+00:00,block-16-mlkem-sve-768.csv
17,1,kyber,sve,512,2026-10-01T13:19:20.797241+00:00,block-17-kyber-sve-512.csv
17,2,kyber,sve,1024,2026-10-01T13:19:23.875634+00:00,block-17-kyber-sve-1024.csv
17,3,kyber,sve,768,2026-10-01T13:19:29.121533+00:00,block-17-kyber-sve-768.csv
17,4,mlkem,sve,1024,2026-10-01T13:19:33.161407+00:00,block-17-mlkem-sve-1024.csv
17,5,mlkem,sve,512,2026-10-01T13:19:38.856620+00:00,block-17-mlkem-sve-512.csv
17,6,mlkem,sve,768,2026-10-01T13:19:41.790067+00:00,block-17-mlkem-sve-768.csv
18,1,mlkem,sve,512,2026-10-01T13:19:46.188665+00:00,block-18-mlkem-sve-512.csv
18,2,mlkem,sve,1024,2026-10-01T13:19:49.127780+00:00,block-18-mlkem-sve-1024.csv
18,3,mlkem,sve,768,2026-10-01T13:19:54.842631+00:00,block-18-mlkem-sve-768.csv
18,4,kyber,sve,768,2026-10-01T13:19:59.265798+00:00,block-18-kyber-sve-768.csv
18,5,kyber,sve,512,2026-10-01T13:20:03.309237+00:00,block-18-kyber-sve-512.csv
18,6,kyber,sve,1024,2026-10-01T13:20:06.379267+00:00,block-18-kyber-sve-1024.csv
19,1,kyber,sve,512,2026-10-01T13:20:11.639952+00:00,block-19-kyber-sve-512.csv
19,2,kyber,sve,768,2026-10-01T13:20:14.695566+00:00,block-19-kyber-sve-768.csv
19,3,mlkem,sve,768,2026-10-01T13:20:18.702028+00:00,block-19-mlkem-sve-768.csv
19,4,mlkem,sve,512,2026-10-01T13:20:23.035565+00:00,block-19-mlkem-sve-512.csv
19,5,kyber,sve,1024,2026-10-01T13:20:25.951172+00:00,block-19-kyber-sve-1024.csv
19,6,mlkem,sve,1024,2026-10-01T13:20:31.182878+00:00,block-19-mlkem-sve-1024.csv
20,1,mlkem,sve,1024,2026-10-01T13:20:36.870152+00:00,block-20-mlkem-sve-1024.csv
20,2,mlkem,sve,512,2026-10-01T13:20:42.490597+00:00,block-20-mlkem-sve-512.csv
20,3,kyber,sve,512,2026-10-01T13:20:45.445627+00:00,block-20-kyber-sve-512.csv
20,4,kyber,sve,1024,2026-10-01T13:20:48.546820+00:00,block-20-kyber-sve-1024.csv
20,5,mlkem,sve,768,2026-10-01T13:20:53.733904+00:00,block-20-mlkem-sve-768.csv
20,6,kyber,sve,768,2026-10-01T13:20:58.085578+00:00,block-20-kyber-sve-768.csv
21,1,mlkem,sve,1024,2026-10-01T13:21:02.061341+00:00,block-21-mlkem-sve-1024.csv
21,2,kyber,sve,512,2026-10-01T13:21:07.682870+00:00,block-21-kyber-sve-512.csv
21,3,mlkem,sve,768,2026-10-01T13:21:10.702786+00:00,block-21-mlkem-sve-768.csv
21,4,kyber,sve,1024,2026-10-01T13:21:15.046880+00:00,block-21-kyber-sve-1024.csv
21,5,mlkem,sve,512,2026-10-01T13:21:20.213139+00:00,block-21-mlkem-sve-512.csv
21,6,kyber,sve,768,2026-10-01T13:21:23.124114+00:00,block-21-kyber-sve-768.csv
22,1,mlkem,sve,1024,2026-10-01T13:21:27.066316+00:00,block-22-mlkem-sve-1024.csv
22,2,kyber,sve,1024,2026-10-01T13:21:32.636051+00:00,block-22-kyber-sve-1024.csv
22,3,mlkem,sve,512,2026-10-01T13:21:37.806290+00:00,block-22-mlkem-sve-512.csv
22,4,kyber,sve,768,2026-10-01T13:21:40.721916+00:00,block-22-kyber-sve-768.csv
22,5,mlkem,sve,768,2026-10-01T13:21:44.685828+00:00,block-22-mlkem-sve-768.csv
22,6,kyber,sve,512,2026-10-01T13:21:49.018096+00:00,block-22-kyber-sve-512.csv
23,1,mlkem,sve,1024,2026-10-01T13:21:52.051275+00:00,block-23-mlkem-sve-1024.csv
23,2,mlkem,sve,768,2026-10-01T13:21:57.679792+00:00,block-23-mlkem-sve-768.csv
23,3,kyber,sve,512,2026-10-01T13:22:02.033363+00:00,block-23-kyber-sve-512.csv
23,4,mlkem,sve,512,2026-10-01T13:22:05.056406+00:00,block-23-mlkem-sve-512.csv
23,5,kyber,sve,768,2026-10-01T13:22:07.954786+00:00,block-23-kyber-sve-768.csv
23,6,kyber,sve,1024,2026-10-01T13:22:11.925999+00:00,block-23-kyber-sve-1024.csv
24,1,mlkem,sve,512,2026-10-01T13:22:17.110078+00:00,block-24-mlkem-sve-512.csv
24,2,mlkem,sve,768,2026-10-01T13:22:20.007976+00:00,block-24-mlkem-sve-768.csv
24,3,kyber,sve,512,2026-10-01T13:22:24.377329+00:00,block-24-kyber-sve-512.csv
24,4,kyber,sve,768,2026-10-01T13:22:27.457930+00:00,block-24-kyber-sve-768.csv
24,5,kyber,sve,1024,2026-10-01T13:22:31.451469+00:00,block-24-kyber-sve-1024.csv
24,6,mlkem,sve,1024,2026-10-01T13:22:36.630266+00:00,block-24-mlkem-sve-1024.csv
25,1,mlkem,sve,1024,2026-10-01T13:22:42.241657+00:00,block-25-mlkem-sve-1024.csv
25,2,kyber,sve,1024,2026-10-01T13:22:47.913007+00:00,block-25-kyber-sve-1024.csv
25,3,mlkem,sve,512,2026-10-01T13:22:53.230618+00:00,block-25-mlkem-sve-512.csv
25,4,kyber,sve,512,2026-10-01T13:22:56.247806+00:00,block-25-kyber-sve-512.csv
25,5,mlkem,sve,768,2026-10-01T13:22:59.344066+00:00,block-25-mlkem-sve-768.csv
25,6,kyber,sve,768,2026-10-01T13:23:03.730832+00:00,block-25-kyber-sve-768.csv
26,1,kyber,sve,512,2026-10-01T13:23:07.746920+00:00,block-26-kyber-sve-512.csv
26,2,mlkem,sve,1024,2026-10-01T13:23:10.805743+00:00,block-26-mlkem-sve-1024.csv
26,3,mlkem,sve,768,2026-10-01T13:23:16.502227+00:00,block-26-mlkem-sve-768.csv
26,4,kyber,sve,1024,2026-10-01T13:23:20.893599+00:00,block-26-kyber-sve-1024.csv
26,5,kyber,sve,768,2026-10-01T13:23:26.128861+00:00,block-26-kyber-sve-768.csv
26,6,mlkem,sve,512,2026-10-01T13:23:30.138966+00:00,block-26-mlkem-sve-512.csv
27,1,kyber,sve,1024,2026-10-01T13:23:33.052940+00:00,block-27-kyber-sve-1024.csv
27,2,kyber,sve,512,2026-10-01T13:23:38.258729+00:00,block-27-kyber-sve-512.csv
27,3,mlkem,sve,512,2026-10-01T13:23:41.308375+00:00,block-27-mlkem-sve-512.csv
27,4,mlkem,sve,1024,2026-10-01T13:23:44.226590+00:00,block-27-mlkem-sve-1024.csv
27,5,mlkem,sve,768,2026-10-01T13:23:49.888001+00:00,block-27-mlkem-sve-768.csv
27,6,kyber,sve,768,2026-10-01T13:23:54.274059+00:00,block-27-kyber-sve-768.csv
28,1,kyber,sve,768,2026-10-01T13:23:58.288490+00:00,block-28-kyber-sve-768.csv
28,2,kyber,sve,512,2026-10-01T13:24:02.305873+00:00,block-28-kyber-sve-512.csv
28,3,mlkem,sve,768,2026-10-01T13:24:05.349990+00:00,block-28-mlkem-sve-768.csv
28,4,kyber,sve,1024,2026-10-01T13:24:09.746211+00:00,block-28-kyber-sve-1024.csv
28,5,mlkem,sve,1024,2026-10-01T13:24:14.914852+00:00,block-28-mlkem-sve-1024.csv
28,6,mlkem,sve,512,2026-10-01T13:24:20.469188+00:00,block-28-mlkem-sve-512.csv
29,1,mlkem,sve,512,2026-10-01T13:24:23.359257+00:00,block-29-mlkem-sve-512.csv
29,2,kyber,sve,1024,2026-10-01T13:24:26.230605+00:00,block-29-kyber-sve-1024.csv
29,3,mlkem,sve,768,2026-10-01T13:24:31.335756+00:00,block-29-mlkem-sve-768.csv
29,4,mlkem,sve,1024,2026-10-01T13:24:35.621363+00:00,block-29-mlkem-sve-1024.csv
29,5,kyber,sve,512,2026-10-01T13:24:41.171777+00:00,block-29-kyber-sve-512.csv
29,6,kyber,sve,768,2026-10-01T13:24:44.157650+00:00,block-29-kyber-sve-768.csv
30,1,mlkem,sve,512,2026-10-01T13:24:48.080343+00:00,block-30-mlkem-sve-512.csv
30,2,kyber,sve,512,2026-10-01T13:24:50.967676+00:00,block-30-kyber-sve-512.csv
30,3,mlkem,sve,768,2026-10-01T13:24:53.954132+00:00,block-30-mlkem-sve-768.csv
30,4,mlkem,sve,1024,2026-10-01T13:24:58.268517+00:00,block-30-mlkem-sve-1024.csv
30,5,kyber,sve,768,2026-10-01T13:25:03.837315+00:00,block-30-kyber-sve-768.csv
30,6,kyber,sve,1024,2026-10-01T13:25:07.760811+00:00,block-30-kyber-sve-1024.csv
