variant,paramset,operation,median_of_run_medians,q1_of_run_medians,q3_of_run_medians,iqr_of_run_medians,independent_runs
kyber_neon,Kyber-1024,BaseMulAcc,505.0,505.0,507.0,2.0,30
kyber_neon,Kyber-1024,Decaps,39652.0,38899.0,42660.0,3761.0,30
kyber_neon,Kyber-1024,Encaps,46227.0,43972.0,47919.0,3947.0,30
kyber_neon,Kyber-1024,INVNTT,285.0,285.0,285.0,0.0,30
kyber_neon,Kyber-1024,InnerProdDec,1890.0,1888.5,1890.0,1.5,30
kyber_neon,Kyber-1024,InnerProdEnc,725.0,725.0,725.0,0.0,30
kyber_neon,Kyber-1024,KeyGen,31760.0,31756.0,32134.0,378.0,30
kyber_neon,Kyber-1024,MatrixVectorMul,3705.0,3705.0,3707.0,2.0,30
kyber_neon,Kyber-1024,NTT,285.0,285.0,286.5,1.5,30
kyber_neon,Kyber-512,BaseMulAcc,274.0,274.0,274.0,0.0,30
kyber_neon,Kyber-512,Decaps,18040.0,17856.0,19495.0,1639.0,30
kyber_neon,Kyber-512,Encaps,22924.5,21423.0,23113.0,1690.0,30
kyber_neon,Kyber-512,INVNTT,285.0,283.5,285.0,1.5,30
kyber_neon,Kyber-512,InnerProdDec,1071.0,1071.0,1071.0,0.0,30
kyber_neon,Kyber-512,InnerProdEnc,511.0,511.0,513.0,2.0,30
kyber_neon,Kyber-512,KeyGen,13904.0,13720.0,13904.0,184.0,30
kyber_neon,Kyber-512,MatrixVectorMul,1570.0,1569.0,1570.0,1.0,30
kyber_neon,Kyber-512,NTT,287.0,285.0,287.0,2.0,30
kyber_neon,Kyber-768,BaseMulAcc,390.0,388.0,390.0,2.0,30
kyber_neon,Kyber-768,Decaps,30064.0,29879.0,30068.0,189.0,30
kyber_neon,Kyber-768,Encaps,34574.0,34573.0,34578.0,5.0,30
kyber_neon,Kyber-768,INVNTT,285.0,285.0,285.0,0.0,30
kyber_neon,Kyber-768,InnerProdDec,1469.0,1469.0,1469.0,0.0,30
kyber_neon,Kyber-768,InnerProdEnc,616.0,616.0,616.0,0.0,30
kyber_neon,Kyber-768,KeyGen,23864.0,22361.0,24241.0,1880.0,30
kyber_neon,Kyber-768,MatrixVectorMul,2565.5,2565.0,2566.0,1.0,30
kyber_neon,Kyber-768,NTT,287.0,285.0,287.0,2.0,30
kyber_ref,Kyber-1024,BaseMulAcc,9125.0,9095.5,9166.25,70.75,30
kyber_ref,Kyber-1024,Decaps,196375.0,196370.0,196559.0,189.0,30
kyber_ref,Kyber-1024,Encaps,173071.0,172886.0,173071.0,185.0,30
kyber_ref,Kyber-1024,INVNTT,5714.0,5703.5,5714.0,10.5,30
kyber_ref,Kyber-1024,InnerProdDec,28714.0,28644.75,28816.75,172.0,30
kyber_ref,Kyber-1024,InnerProdEnc,14965.0,14888.5,15003.5,115.0,30
kyber_ref,Kyber-1024,KeyGen,156440.5,156159.0,156722.0,563.0,30
kyber_ref,Kyber-1024,MatrixVectorMul,76717.5,76593.25,77024.0,430.75,30
kyber_ref,Kyber-1024,NTT,3600.0,3598.0,3604.0,6.0,30
kyber_ref,Kyber-512,BaseMulAcc,5103.0,5100.25,5103.0,2.75,30
kyber_ref,Kyber-512,Decaps,89826.0,89822.0,90010.0,188.0,30
kyber_ref,Kyber-512,Encaps,75353.0,75353.0,75358.0,5.0,30
kyber_ref,Kyber-512,INVNTT,5643.0,5643.0,5644.0,1.0,30
kyber_ref,Kyber-512,InnerProdDec,17480.5,17453.0,17541.0,88.0,30
kyber_ref,Kyber-512,InnerProdEnc,10500.0,10475.25,10573.25,98.0,30
kyber_ref,Kyber-512,KeyGen,57313.0,56846.25,57318.0,471.75,30
kyber_ref,Kyber-512,MatrixVectorMul,29696.0,29625.0,29708.5,83.5,30
kyber_ref,Kyber-512,NTT,3596.0,3594.0,3596.0,2.0,30
kyber_ref,Kyber-768,BaseMulAcc,6958.0,6958.0,6958.0,0.0,30
kyber_ref,Kyber-768,Decaps,136238.0,136054.0,136238.0,184.0,30
kyber_ref,Kyber-768,Encaps,117260.0,117260.0,117445.0,185.0,30
kyber_ref,Kyber-768,INVNTT,5645.0,5645.0,5646.0,1.0,30
kyber_ref,Kyber-768,InnerProdDec,23217.0,23208.0,23220.0,12.0,30
kyber_ref,Kyber-768,InnerProdEnc,12827.5,12722.0,12888.75,166.75,30
kyber_ref,Kyber-768,KeyGen,99784.0,99784.0,99784.0,0.0,30
kyber_ref,Kyber-768,MatrixVectorMul,50759.5,50701.0,50803.0,102.0,30
kyber_ref,Kyber-768,NTT,3632.0,3632.0,3634.0,2.0,30
kyber_sme,Kyber-1024,BaseMulAcc,1409.0,1409.0,1415.0,6.0,30
kyber_sme,Kyber-1024,Decaps,76480.0,76480.0,76481.0,1.0,30
kyber_sme,Kyber-1024,Encaps,74743.0,74226.5,74792.75,566.25,30
kyber_sme,Kyber-1024,INVNTT,1097.0,1093.0,1100.5,7.5,30
kyber_sme,Kyber-1024,InnerProdDec,5118.0,5115.0,5120.0,5.0,30
kyber_sme,Kyber-1024,InnerProdEnc,2033.0,2031.0,2038.0,7.0,30
kyber_sme,Kyber-1024,KeyGen,62387.0,62202.0,62529.75,327.75,30
kyber_sme,Kyber-1024,MatrixVectorMul,10725.0,10722.5,10727.5,5.0,30
kyber_sme,Kyber-1024,NTT,1182.0,1174.0,1185.0,11.0,30
kyber_sme,Kyber-512,BaseMulAcc,750.0,747.0,751.0,4.0,30
kyber_sme,Kyber-512,Decaps,37960.0,37960.0,37961.0,1.0,30
kyber_sme,Kyber-512,Encaps,37582.0,37582.0,37582.0,0.0,30
kyber_sme,Kyber-512,INVNTT,1080.0,1074.0,1095.0,21.0,30
kyber_sme,Kyber-512,InnerProdDec,3670.0,3666.0,3671.0,5.0,30
kyber_sme,Kyber-512,InnerProdEnc,1379.0,1375.5,1379.0,3.5,30
kyber_sme,Kyber-512,KeyGen,28751.0,28751.0,28751.0,0.0,30
kyber_sme,Kyber-512,MatrixVectorMul,4709.0,4707.5,4711.75,4.25,30
kyber_sme,Kyber-512,NTT,1178.0,1174.0,1191.0,17.0,30
kyber_sme,Kyber-768,BaseMulAcc,1093.0,1091.0,1093.0,2.0,30
kyber_sme,Kyber-768,Decaps,54494.0,54494.0,54494.0,0.0,30
kyber_sme,Kyber-768,Encaps,52618.0,52613.0,52946.0,333.0,30
kyber_sme,Kyber-768,INVNTT,1094.0,1093.0,1104.0,11.0,30
kyber_sme,Kyber-768,InnerProdDec,4292.5,4290.25,4294.5,4.25,30
kyber_sme,Kyber-768,InnerProdEnc,1708.0,1708.0,1708.0,0.0,30
kyber_sme,Kyber-768,KeyGen,41533.0,41533.0,41717.0,184.0,30
kyber_sme,Kyber-768,MatrixVectorMul,7275.0,7272.0,7276.0,4.0,30
kyber_sme,Kyber-768,NTT,1185.0,1182.75,1202.0,19.25,30
kyber_sve,Kyber-1024,BaseMulAcc,1415.0,1409.5,1416.0,6.5,30
kyber_sve,Kyber-1024,Decaps,74323.0,74227.0,74415.0,188.0,30
kyber_sve,Kyber-1024,Encaps,75916.0,75732.0,75917.0,185.0,30
kyber_sve,Kyber-1024,INVNTT,1116.0,1116.0,1118.0,2.0,30
kyber_sve,Kyber-1024,InnerProdDec,4497.0,4491.0,4559.25,68.25,30
kyber_sve,Kyber-1024,InnerProdEnc,1982.0,1976.0,1982.0,6.0,30
kyber_sve,Kyber-1024,KeyGen,61638.0,61633.0,61823.0,190.0,30
kyber_sve,Kyber-1024,MatrixVectorMul,10510.0,10506.0,10545.25,39.25,30
kyber_sve,Kyber-1024,NTT,1063.0,1061.0,1063.0,2.0,30
kyber_sve,Kyber-512,BaseMulAcc,747.0,747.0,751.0,4.0,30
kyber_sve,Kyber-512,Decaps,35891.0,35891.0,35891.0,0.0,30
kyber_sve,Kyber-512,Encaps,37397.0,37397.0,37581.0,184.0,30
kyber_sve,Kyber-512,INVNTT,1121.0,1121.0,1121.0,0.0,30
kyber_sve,Kyber-512,InnerProdDec,3363.0,3356.0,3366.5,10.5,30
kyber_sve,Kyber-512,InnerProdEnc,1317.0,1317.0,1319.0,2.0,30
kyber_sve,Kyber-512,KeyGen,27624.0,27624.0,27624.0,0.0,30
kyber_sve,Kyber-512,MatrixVectorMul,4485.0,4479.0,4538.0,59.0,30
kyber_sve,Kyber-512,NTT,1058.0,1057.0,1059.0,2.0,30
kyber_sve,Kyber-768,BaseMulAcc,1093.0,1093.0,1093.0,0.0,30
kyber_sve,Kyber-768,Decaps,54684.0,54684.0,54684.0,0.0,30
kyber_sve,Kyber-768,Encaps,51865.0,51680.25,51865.0,184.75,30
kyber_sve,Kyber-768,INVNTT,1131.0,1131.0,1133.0,2.0,30
kyber_sve,Kyber-768,InnerProdDec,3807.0,3801.0,3809.75,8.75,30
kyber_sve,Kyber-768,InnerProdEnc,1657.0,1657.0,1657.0,0.0,30
kyber_sve,Kyber-768,KeyGen,42658.0,42471.0,42845.0,374.0,30
kyber_sve,Kyber-768,MatrixVectorMul,7113.0,7099.5,7139.25,39.75,30
kyber_sve,Kyber-768,NTT,1068.0,1067.0,1071.0,4.0,30
mlkem_neon,ML-KEM-1024,BaseMulAcc,279.5,279.0,280.0,1.0,30
mlkem_neon,ML-KEM-1024,Decaps,76106.0,76106.0,76107.0,1.0,30
mlkem_neon,ML-KEM-1024,Encaps,64642.0,64503.0,64642.0,139.0,30
mlkem_neon,ML-KEM-1024,INVNTT,257.0,257.0,257.0,0.0,30
mlkem_neon,ML-KEM-1024,InnerProdDec,1510.0,1510.0,1511.5,1.5,30
mlkem_neon,ML-KEM-1024,InnerProdEnc,533.0,533.0,535.0,2.0,30
mlkem_neon,ML-KEM-1024,KeyGen,59758.0,59758.0,59943.0,185.0,30
mlkem_neon,ML-KEM-1024,MatrixVectorMul,3224.0,3224.0,3226.0,2.0,30
mlkem_neon,ML-KEM-1024,NTT,223.0,221.0,223.0,2.0,30
mlkem_neon,ML-KEM-512,BaseMulAcc,163.0,163.0,163.0,0.0,30
mlkem_neon,ML-KEM-512,Decaps,33072.0,33072.0,33076.0,4.0,30
mlkem_neon,ML-KEM-512,Encaps,26871.0,26870.0,26874.0,4.0,30
mlkem_neon,ML-KEM-512,INVNTT,257.0,257.0,257.0,0.0,30
mlkem_neon,ML-KEM-512,InnerProdDec,890.0,890.0,892.0,2.0,30
mlkem_neon,ML-KEM-512,InnerProdEnc,419.0,419.0,419.75,0.75,30
mlkem_neon,ML-KEM-512,KeyGen,23488.0,23303.0,23488.0,185.0,30
mlkem_neon,ML-KEM-512,MatrixVectorMul,1369.0,1369.0,1369.0,0.0,30
mlkem_neon,ML-KEM-512,NTT,222.0,221.0,223.0,2.0,30
mlkem_neon,ML-KEM-768,BaseMulAcc,219.0,219.0,219.0,0.0,30
mlkem_neon,ML-KEM-768,Decaps,51865.0,51865.0,52049.0,184.0,30
mlkem_neon,ML-KEM-768,Encaps,43598.0,43598.0,43598.0,0.0,30
mlkem_neon,ML-KEM-768,INVNTT,257.0,257.0,257.0,0.0,30
mlkem_neon,ML-KEM-768,InnerProdDec,1196.0,1195.0,1197.0,2.0,30
mlkem_neon,ML-KEM-768,InnerProdEnc,477.0,477.0,477.0,0.0,30
mlkem_neon,ML-KEM-768,KeyGen,40590.0,40590.0,40590.0,0.0,30
mlkem_neon,ML-KEM-768,MatrixVectorMul,2234.0,2234.0,2234.0,0.0,30
mlkem_neon,ML-KEM-768,NTT,223.0,221.0,223.0,2.0,30
mlkem_ref,ML-KEM-1024,BaseMulAcc,310.0,310.0,310.75,0.75,30
mlkem_ref,ML-KEM-1024,Decaps,94710.0,94525.0,94900.0,375.0,30
mlkem_ref,ML-KEM-1024,Encaps,83812.0,83435.0,83999.0,564.0,30
mlkem_ref,ML-KEM-1024,INVNTT,886.0,886.0,886.0,0.0,30
mlkem_ref,ML-KEM-1024,InnerProdDec,3619.0,3619.0,3621.0,2.0,30
mlkem_ref,ML-KEM-1024,InnerProdEnc,1195.0,1195.0,1195.0,0.0,30
mlkem_ref,ML-KEM-1024,KeyGen,76578.0,76342.0,76855.0,513.0,30
mlkem_ref,ML-KEM-1024,MatrixVectorMul,7635.5,7628.5,7639.5,11.0,30
mlkem_ref,ML-KEM-1024,NTT,520.0,520.0,520.0,0.0,30
mlkem_ref,ML-KEM-512,BaseMulAcc,189.0,189.0,189.0,0.0,30
mlkem_ref,ML-KEM-512,Decaps,41902.5,41718.0,41907.0,189.0,30
mlkem_ref,ML-KEM-512,Encaps,35142.0,35137.0,35142.0,5.0,30
mlkem_ref,ML-KEM-512,INVNTT,886.0,886.0,886.0,0.0,30
mlkem_ref,ML-KEM-512,InnerProdDec,2273.0,2273.0,2273.0,0.0,30
mlkem_ref,ML-KEM-512,InnerProdEnc,1074.0,1074.0,1074.0,0.0,30
mlkem_ref,ML-KEM-512,KeyGen,29689.0,29689.0,29694.0,5.0,30
mlkem_ref,ML-KEM-512,MatrixVectorMul,3566.0,3566.0,3568.0,2.0,30
mlkem_ref,ML-KEM-512,NTT,520.0,520.0,520.0,0.0,30
mlkem_ref,ML-KEM-768,BaseMulAcc,246.0,246.0,246.0,0.0,30
mlkem_ref,ML-KEM-768,Decaps,65395.0,65395.0,65580.0,185.0,30
mlkem_ref,ML-KEM-768,Encaps,57129.0,57128.0,57313.0,185.0,30
mlkem_ref,ML-KEM-768,INVNTT,886.0,886.0,886.0,0.0,30
mlkem_ref,ML-KEM-768,InnerProdDec,2938.0,2937.25,2939.0,1.75,30
mlkem_ref,ML-KEM-768,InnerProdEnc,1133.0,1131.0,1133.0,2.0,30
mlkem_ref,ML-KEM-768,KeyGen,51957.5,51865.0,52050.0,185.0,30
mlkem_ref,ML-KEM-768,MatrixVectorMul,5552.0,5551.0,5552.0,1.0,30
mlkem_ref,ML-KEM-768,NTT,520.0,520.0,520.0,0.0,30
mlkem_sme,ML-KEM-1024,BaseMulAcc,1181.0,1180.0,1181.0,1.0,30
mlkem_sme,ML-KEM-1024,Decaps,112940.0,112796.25,113124.0,327.75,30
mlkem_sme,ML-KEM-1024,Encaps,102413.0,102413.0,102416.0,3.0,30
mlkem_sme,ML-KEM-1024,INVNTT,1072.0,1069.0,1074.0,5.0,30
mlkem_sme,ML-KEM-1024,InnerProdDec,5349.0,5348.25,5351.0,2.75,30
mlkem_sme,ML-KEM-1024,InnerProdEnc,1794.0,1794.0,1794.0,0.0,30
mlkem_sme,ML-KEM-1024,KeyGen,90574.0,90390.0,90574.0,184.0,30
mlkem_sme,ML-KEM-1024,MatrixVectorMul,12028.0,12024.5,12033.0,8.5,30
mlkem_sme,ML-KEM-1024,NTT,1154.0,1150.25,1157.0,6.75,30
mlkem_sme,ML-KEM-512,BaseMulAcc,631.0,631.0,632.5,1.5,30
mlkem_sme,ML-KEM-512,Decaps,57502.0,57502.0,57503.0,1.0,30
mlkem_sme,ML-KEM-512,Encaps,43409.0,43409.0,43409.0,0.0,30
mlkem_sme,ML-KEM-512,INVNTT,1076.0,1065.0,1078.0,13.0,30
mlkem_sme,ML-KEM-512,InnerProdDec,3442.0,3440.5,3444.0,3.5,30
mlkem_sme,ML-KEM-512,InnerProdEnc,1255.0,1251.0,1255.0,4.0,30
mlkem_sme,ML-KEM-512,KeyGen,36828.0,36644.0,36828.0,184.0,30
mlkem_sme,ML-KEM-512,MatrixVectorMul,5048.0,5047.0,5052.5,5.5,30
mlkem_sme,ML-KEM-512,NTT,1172.0,1155.5,1174.0,18.5,30
mlkem_sme,ML-KEM-768,BaseMulAcc,911.0,911.0,911.0,0.0,30
mlkem_sme,ML-KEM-768,Decaps,83056.0,83056.0,83060.0,4.0,30
mlkem_sme,ML-KEM-768,Encaps,69716.0,69715.0,69720.0,5.0,30
mlkem_sme,ML-KEM-768,INVNTT,1082.0,1078.0,1091.0,13.0,30
mlkem_sme,ML-KEM-768,InnerProdDec,4925.0,4921.0,4928.5,7.5,30
mlkem_sme,ML-KEM-768,InnerProdEnc,1525.0,1525.0,1525.0,0.0,30
mlkem_sme,ML-KEM-768,KeyGen,61023.0,60885.0,61070.0,185.0,30
mlkem_sme,ML-KEM-768,MatrixVectorMul,8131.0,8129.0,8132.5,3.5,30
mlkem_sme,ML-KEM-768,NTT,1180.5,1166.0,1183.0,17.0,30
mlkem_sve,ML-KEM-1024,BaseMulAcc,1181.5,1181.0,1183.0,2.0,30
mlkem_sve,ML-KEM-1024,Decaps,116509.0,112560.25,121160.0,8599.75,30
mlkem_sve,ML-KEM-1024,Encaps,103540.0,103356.0,103540.0,184.0,30
mlkem_sve,ML-KEM-1024,INVNTT,1104.0,1101.5,1106.0,4.5,30
mlkem_sve,ML-KEM-1024,InnerProdDec,4667.0,4662.0,4712.75,50.75,30
mlkem_sve,ML-KEM-1024,InnerProdEnc,1753.0,1751.5,1755.0,3.5,30
mlkem_sve,ML-KEM-1024,KeyGen,91328.0,91327.0,91512.0,185.0,30
mlkem_sve,ML-KEM-1024,MatrixVectorMul,11843.0,11823.5,11905.5,82.0,30
mlkem_sve,ML-KEM-1024,NTT,1054.0,1050.0,1056.0,6.0,30
mlkem_sve,ML-KEM-512,BaseMulAcc,631.0,631.0,631.0,0.0,30
mlkem_sve,ML-KEM-512,Decaps,56375.0,56375.0,56375.0,0.0,30
mlkem_sve,ML-KEM-512,Encaps,44536.5,44536.0,44721.0,185.0,30
mlkem_sve,ML-KEM-512,INVNTT,1088.5,1088.0,1091.0,3.0,30
mlkem_sve,ML-KEM-512,InnerProdDec,2803.0,2803.0,2803.0,0.0,30
mlkem_sve,ML-KEM-512,InnerProdEnc,1198.0,1196.25,1198.0,1.75,30
mlkem_sve,ML-KEM-512,KeyGen,36265.0,36264.0,36269.0,5.0,30
mlkem_sve,ML-KEM-512,MatrixVectorMul,4487.0,4483.0,4489.0,6.0,30
mlkem_sve,ML-KEM-512,NTT,1027.0,1026.0,1029.0,3.0,30
mlkem_sve,ML-KEM-768,BaseMulAcc,911.0,911.0,913.0,2.0,30
mlkem_sve,ML-KEM-768,Decaps,83530.0,83057.25,84188.75,1131.5,30
mlkem_sve,ML-KEM-768,Encaps,76481.0,76480.0,76485.0,5.0,30
mlkem_sve,ML-KEM-768,INVNTT,1119.0,1118.0,1121.0,3.0,30
mlkem_sve,ML-KEM-768,InnerProdDec,4395.0,4391.0,4423.5,32.5,30
mlkem_sve,ML-KEM-768,InnerProdEnc,1477.0,1477.0,1477.0,0.0,30
mlkem_sve,ML-KEM-768,KeyGen,61074.0,61069.0,61075.0,6.0,30
mlkem_sve,ML-KEM-768,MatrixVectorMul,7861.5,7819.5,7881.0,61.5,30
mlkem_sve,ML-KEM-768,NTT,1057.0,1054.0,1059.0,5.0,30
